concurso,acertos,loss
1,11,0.6750177145004272
2,8,0.7185947895050049
3,8,0.7116801738739014
4,11,0.675208330154419
5,10,0.6786602139472961
6,9,0.6843203902244568
7,10,0.6907260417938232
8,9,0.689130425453186
9,9,0.7080047726631165
10,9,0.6988471746444702
11,8,0.6996475458145142
12,10,0.6916664242744446
13,11,0.6749387383460999
14,9,0.689652681350708
15,10,0.6927029490470886
16,9,0.7067510485649109
17,7,0.7153910994529724
18,9,0.702005922794342
19,9,0.7010594010353088
20,9,0.6979299783706665
21,11,0.6646566987037659
22,9,0.7075549364089966
23,8,0.7130272388458252
24,9,0.6678415536880493
25,10,0.6964290142059326
26,8,0.7107513546943665
27,8,0.7049961090087891
28,10,0.7003732323646545
29,9,0.6984819769859314
30,10,0.6958458423614502
31,9,0.6882035732269287
32,8,0.6936438083648682
33,10,0.6620186567306519
34,9,0.6987179517745972
35,9,0.6889348030090332
36,10,0.6749721765518188
37,10,0.6760679483413696
38,7,0.7051624059677124
39,7,0.6987438201904297
40,9,0.7026057243347168
41,7,0.7093250751495361
42,9,0.6853289604187012
43,8,0.6979050636291504
44,8,0.6946498155593872
45,9,0.698039710521698
46,10,0.6850108504295349
47,9,0.6924329996109009
48,9,0.6805823445320129
49,11,0.6725128889083862
50,9,0.6846719980239868
51,8,0.6918628811836243
52,9,0.7006195783615112
53,8,0.6984286308288574
54,11,0.6678537726402283
55,9,0.6829025745391846
56,8,0.700297474861145
57,8,0.7070371508598328
58,12,0.6473924517631531
59,9,0.6942620873451233
60,11,0.6619623303413391
61,9,0.6887787580490112
62,8,0.7102634906768799
63,10,0.6808308362960815
64,11,0.6735995411872864
65,8,0.7054983377456665
66,10,0.6790419220924377
67,9,0.6858768463134766
68,10,0.6680024862289429
69,9,0.6784939765930176
70,9,0.6738113164901733
71,8,0.6952861547470093
72,9,0.687045156955719
73,10,0.6702415943145752
74,11,0.6658021807670593
75,9,0.6818918585777283
76,7,0.7421661615371704
77,10,0.6728166937828064
78,7,0.6976489424705505
79,8,0.6828945875167847
80,11,0.674326479434967
81,10,0.6719219088554382
82,9,0.6815193891525269
83,10,0.6745286583900452
84,10,0.6597496271133423
85,7,0.7088198065757751
86,9,0.6801030039787292
87,7,0.7090915441513062
88,9,0.6810954213142395
89,7,0.7039165496826172
90,10,0.6735053062438965
91,7,0.7119374871253967
92,9,0.6960453987121582
93,8,0.7072440385818481
94,7,0.6962971687316895
95,7,0.7276239991188049
96,8,0.7053037285804749
97,9,0.6747236847877502
98,8,0.6922160387039185
99,8,0.691295325756073
100,9,0.6846115589141846
101,10,0.6736215949058533
102,9,0.6752736568450928
103,10,0.6926317811012268
104,10,0.6922630071640015
105,10,0.6779902577400208
106,7,0.7007909417152405
107,9,0.6621662974357605
108,11,0.6706376075744629
109,9,0.6800487041473389
110,9,0.6787216067314148
111,8,0.685680091381073
112,8,0.6780439615249634
113,8,0.6972541213035583
114,10,0.6803725361824036
115,10,0.6832367181777954
116,10,0.6918126940727234
117,7,0.690798282623291
118,9,0.6792013049125671
119,9,0.6774673461914062
120,9,0.6618583798408508
121,11,0.6516981720924377
122,9,0.6902793645858765
123,8,0.6975650191307068
124,10,0.6881454586982727
125,7,0.6920028924942017
126,11,0.6554682850837708
127,10,0.6886940002441406
128,11,0.670656144618988
129,10,0.680106520652771
130,9,0.6656776666641235
131,10,0.6520710587501526
132,12,0.6378532648086548
133,9,0.6814245581626892
134,10,0.6796518564224243
135,8,0.6863571405410767
136,8,0.7157320976257324
137,9,0.687974750995636
138,8,0.6802003383636475
139,9,0.6755157709121704
140,8,0.6933000683784485
141,11,0.6455341577529907
142,10,0.6634535789489746
143,10,0.6761065125465393
144,8,0.6943280696868896
145,8,0.6869188547134399
146,11,0.6427642703056335
147,10,0.6677568554878235
148,10,0.6799506545066833
149,10,0.6716428995132446
150,9,0.6971960663795471
151,10,0.6775380969047546
152,10,0.6607417464256287
153,9,0.6740423440933228
154,10,0.6884245276451111
155,10,0.6609583497047424
156,9,0.6829226016998291
157,9,0.6901178956031799
158,8,0.6923417448997498
159,9,0.6851441264152527
160,11,0.6585474610328674
161,8,0.6751322150230408
162,10,0.6640406847000122
163,9,0.6686121225357056
164,9,0.6760603189468384
165,9,0.6829780340194702
166,10,0.6758691668510437
167,10,0.6621553897857666
168,9,0.6659556031227112
169,10,0.6582847833633423
170,10,0.6490288376808167
171,9,0.6632453203201294
172,11,0.6613194942474365
173,11,0.6443385481834412
174,8,0.7138717174530029
175,10,0.6650196313858032
176,9,0.695559024810791
177,9,0.6978251934051514
178,11,0.6760509610176086
179,9,0.6741829514503479
180,9,0.6690605282783508
181,10,0.6883218288421631
182,10,0.6891689896583557
183,8,0.6765636205673218
184,10,0.6480827927589417
185,11,0.6687690615653992
186,10,0.6643589735031128
187,11,0.6692583560943604
188,11,0.6463818550109863
189,10,0.654955267906189
190,9,0.6872127652168274
191,11,0.6474334001541138
192,10,0.6594995260238647
193,8,0.7104611396789551
194,7,0.7019821405410767
195,11,0.6490910053253174
196,7,0.7094056606292725
197,9,0.6892042756080627
198,12,0.6286489963531494
199,11,0.6301426887512207
200,11,0.6411885619163513
201,9,0.670348584651947
202,8,0.6964353322982788
203,10,0.6623235940933228
204,8,0.7004157900810242
205,9,0.7037137746810913
206,9,0.6835837364196777
207,8,0.6723915934562683
208,9,0.7138728499412537
209,10,0.6956159472465515
210,7,0.697543203830719
211,9,0.6817458868026733
212,11,0.6458389759063721
213,11,0.629676878452301
214,10,0.664280116558075
215,10,0.6899943351745605
216,8,0.7039555311203003
217,9,0.702965497970581
218,9,0.6977748870849609
219,9,0.709134578704834
220,8,0.6988475322723389
221,9,0.6629300117492676
222,9,0.6693229675292969
223,9,0.6787736415863037
224,10,0.6584342122077942
225,8,0.6977109313011169
226,7,0.6956753730773926
227,9,0.6877207159996033
228,8,0.7041206955909729
229,9,0.6710962057113647
230,8,0.6965271830558777
231,10,0.6913602352142334
232,9,0.6884487867355347
233,11,0.6411498188972473
234,8,0.6961711049079895
235,11,0.6415559649467468
236,9,0.6790859699249268
237,8,0.6708280444145203
238,10,0.6653140783309937
239,11,0.6405915021896362
240,8,0.6809074282646179
241,9,0.6828556060791016
242,9,0.6743379235267639
243,7,0.7231056094169617
244,8,0.6840910315513611
245,9,0.6696145534515381
246,10,0.6512869000434875
247,11,0.651017427444458
248,9,0.684162437915802
249,10,0.6626368165016174
250,11,0.646058201789856
251,8,0.6842458844184875
252,11,0.6472840309143066
253,9,0.6787769794464111
254,10,0.661689281463623
255,8,0.690060019493103
256,7,0.6992408037185669
257,10,0.6802177429199219
258,7,0.7007836699485779
259,7,0.6854637265205383
260,11,0.6560848951339722
261,7,0.7046584486961365
262,9,0.6551220417022705
263,11,0.6567815542221069
264,9,0.6774489879608154
265,9,0.6546213030815125
266,11,0.665504515171051
267,7,0.7032329440116882
268,8,0.6629857420921326
269,9,0.6678087711334229
270,10,0.6805498003959656
271,10,0.6549181938171387
272,8,0.6993772387504578
273,9,0.6941964030265808
274,7,0.7022971510887146
275,8,0.6948854327201843
276,11,0.6633627414703369
277,11,0.6553648114204407
278,10,0.672243595123291
279,10,0.6671450138092041
280,9,0.655974805355072
281,10,0.675716757774353
282,10,0.6637341976165771
283,12,0.648888111114502
284,12,0.6241870522499084
285,11,0.645250678062439
286,10,0.6822100877761841
287,9,0.6573687195777893
288,8,0.6666354537010193
289,10,0.6784974932670593
290,9,0.684009850025177
291,10,0.6932413578033447
292,10,0.657194972038269
293,11,0.662861704826355
294,9,0.6728068590164185
295,9,0.6962893605232239
296,10,0.6615330576896667
297,9,0.6578822135925293
298,7,0.7091932892799377
299,10,0.6716261506080627
300,9,0.6790659427642822
301,9,0.6859044432640076
302,7,0.6997693777084351
303,9,0.6701849102973938
304,10,0.6988179683685303
305,10,0.6623833179473877
306,9,0.6679521203041077
307,13,0.6178169846534729
308,8,0.6968969702720642
309,9,0.6888389587402344
310,8,0.671000063419342
311,10,0.6788299083709717
312,8,0.6863536834716797
313,10,0.6630744338035583
314,8,0.6969185471534729
315,8,0.6852055191993713
316,11,0.6655082106590271
317,11,0.6559845209121704
318,8,0.6802874803543091
319,10,0.6499428749084473
320,9,0.692405104637146
321,9,0.6692653894424438
322,8,0.7033905982971191
323,8,0.6984187364578247
324,9,0.6786649823188782
325,7,0.6659407019615173
326,10,0.6411253213882446
327,13,0.6148467063903809
328,8,0.6856579780578613
329,11,0.6399821639060974
330,11,0.6487733721733093
331,9,0.7000269293785095
332,12,0.6264727711677551
333,9,0.6789618730545044
334,7,0.6922900676727295
335,9,0.6796401739120483
336,10,0.6738508343696594
337,9,0.6794288754463196
338,9,0.6814708709716797
339,9,0.7017637491226196
340,10,0.6863506436347961
341,12,0.6332734823226929
342,10,0.6771542429924011
343,11,0.6695554256439209
344,9,0.6813654899597168
345,9,0.6675744652748108
346,8,0.7029910087585449
347,7,0.6986832618713379
348,8,0.6936407685279846
349,11,0.6402498483657837
350,10,0.6723813414573669
351,9,0.6560733318328857
352,8,0.695497989654541
353,8,0.6799122095108032
354,9,0.664017915725708
355,10,0.6743931770324707
356,9,0.6741349697113037
357,9,0.6578179001808167
358,8,0.6841861009597778
359,8,0.6864171028137207
360,8,0.6747810244560242
361,9,0.6755579113960266
362,9,0.679858922958374
363,11,0.6680447459220886
364,11,0.6621633172035217
365,9,0.6955599784851074
366,9,0.6812337636947632
367,10,0.6773221492767334
368,10,0.6740408539772034
369,8,0.6778397560119629
370,8,0.6964027881622314
371,10,0.6655250787734985
372,10,0.6526728272438049
373,10,0.6672008633613586
374,9,0.6901878118515015
375,8,0.6878736615180969
376,11,0.647520899772644
377,11,0.629332423210144
378,8,0.6853799223899841
379,8,0.6929744482040405
380,10,0.6572045683860779
381,9,0.6780194044113159
382,9,0.6755016446113586
383,10,0.6754070520401001
384,11,0.6570056080818176
385,11,0.6671611070632935
386,11,0.6507862210273743
387,7,0.7131165266036987
388,10,0.6516277194023132
389,10,0.6727620959281921
390,12,0.6442334055900574
391,11,0.6658248901367188
392,8,0.7106494903564453
393,7,0.7061124444007874
394,12,0.6652067303657532
395,8,0.6942727565765381
396,9,0.6791054010391235
397,8,0.6894684433937073
398,10,0.6731013655662537
399,9,0.6801645159721375
400,8,0.7073167562484741
401,9,0.6861884593963623
402,11,0.6499672532081604
403,6,0.7246232628822327
404,8,0.6799206733703613
405,9,0.6895545721054077
406,8,0.6744482517242432
407,11,0.6572274565696716
408,7,0.7077033519744873
409,9,0.6765953302383423
410,8,0.7039496898651123
411,9,0.67006516456604
412,7,0.683519721031189
413,8,0.6854522228240967
414,9,0.6840155720710754
415,8,0.6845403909683228
416,12,0.6513168215751648
417,9,0.6828084588050842
418,7,0.7003528475761414
419,9,0.6735142469406128
420,9,0.6579742431640625
421,10,0.6680970191955566
422,10,0.6658110618591309
423,9,0.6887364983558655
424,10,0.6710188984870911
425,9,0.6764608025550842
426,10,0.6733535528182983
427,10,0.6658973693847656
428,10,0.6721805334091187
429,10,0.6567279100418091
430,11,0.6520884037017822
431,9,0.6724900007247925
432,11,0.6603360772132874
433,10,0.6671550869941711
434,9,0.6791329979896545
435,10,0.6669325232505798
436,8,0.6882743835449219
437,10,0.6643703579902649
438,11,0.6613115072250366
439,11,0.6501604318618774
440,10,0.6747739911079407
441,8,0.6857115030288696
442,9,0.679613471031189
443,9,0.6795156002044678
444,9,0.6645426750183105
445,9,0.6811190247535706
446,8,0.690687894821167
447,8,0.6856104135513306
448,10,0.6694340705871582
449,8,0.6928533911705017
450,9,0.679421603679657
451,7,0.6972038149833679
452,11,0.6707572937011719
453,10,0.666898787021637
454,9,0.6660322546958923
455,11,0.659015953540802
456,10,0.6543946266174316
457,8,0.693449854850769
458,10,0.662639319896698
459,11,0.650099515914917
460,9,0.6782532334327698
461,9,0.6943596005439758
462,9,0.6781144142150879
463,9,0.680005669593811
464,11,0.659121572971344
465,7,0.6986076831817627
466,8,0.6829155087471008
467,10,0.6654172539710999
468,8,0.6790193915367126
469,8,0.684266209602356
470,10,0.6668106317520142
471,8,0.6888468265533447
472,10,0.6633602380752563
473,10,0.6566523909568787
474,10,0.6769306063652039
475,9,0.6831035614013672
476,8,0.6969320178031921
477,10,0.6736659407615662
478,10,0.6617864966392517
479,8,0.6768548488616943
480,9,0.6767131090164185
481,8,0.6838088035583496
482,9,0.6701357960700989
483,8,0.6905155777931213
484,7,0.6970702409744263
485,11,0.6589623093605042
486,7,0.6961185336112976
487,8,0.6801844239234924
488,9,0.6639189720153809
489,7,0.6855847239494324
490,10,0.6658956408500671
491,11,0.6453637480735779
492,10,0.6663636565208435
493,9,0.6890910863876343
494,10,0.6598671674728394
495,10,0.6702921986579895
496,10,0.6612407565116882
497,10,0.6531769633293152
498,9,0.6651384830474854
499,7,0.7074323296546936
500,11,0.6545903086662292
501,9,0.6795921325683594
502,11,0.6542537212371826
503,8,0.6840068101882935
504,9,0.6857091784477234
505,9,0.6759340763092041
506,9,0.6795071363449097
507,8,0.6830954551696777
508,9,0.6626183390617371
509,12,0.6592437028884888
510,9,0.6615432500839233
511,8,0.6868191361427307
512,10,0.6595205664634705
513,8,0.6659293174743652
514,8,0.6818330883979797
515,9,0.6844547986984253
516,10,0.6687948107719421
517,7,0.6934149861335754
518,11,0.6567405462265015
519,10,0.6703150272369385
520,11,0.6669483184814453
521,10,0.6614246368408203
522,9,0.6760267019271851
523,8,0.6789736151695251
524,9,0.6738674640655518
525,8,0.6757456064224243
526,11,0.6496400237083435
527,10,0.6606301665306091
528,9,0.6674331426620483
529,8,0.692607045173645
530,10,0.6681735515594482
531,11,0.6530744433403015
532,7,0.7002922296524048
533,10,0.6606684327125549
534,11,0.6439414024353027
535,11,0.6777344346046448
536,10,0.6682655215263367
537,8,0.6766196489334106
538,9,0.6685915589332581
539,9,0.6800171732902527
540,10,0.6715270280838013
541,8,0.7005230188369751
542,7,0.7005648612976074
543,9,0.673023521900177
544,10,0.6508612036705017
545,9,0.6695045232772827
546,11,0.6703407764434814
547,9,0.6931440830230713
548,7,0.6855141520500183
549,6,0.6959298849105835
550,6,0.706248939037323
551,10,0.678488552570343
552,8,0.6893613338470459
553,10,0.6646557450294495
554,8,0.6980441212654114
555,8,0.6834269762039185
556,7,0.6954249739646912
557,8,0.6834781169891357
558,7,0.6790187358856201
559,9,0.675729513168335
560,10,0.6623293161392212
561,7,0.6983644366264343
562,10,0.6598557829856873
563,9,0.6613142490386963
564,9,0.6744030117988586
565,9,0.6726178526878357
566,9,0.6816728711128235
567,9,0.6878225803375244
568,9,0.6948307752609253
569,9,0.6699751019477844
570,10,0.6728220582008362
571,9,0.6808806657791138
572,7,0.6792876720428467
573,8,0.6762267351150513
574,9,0.6816948056221008
575,9,0.6801683902740479
576,9,0.6842646598815918
577,9,0.6837978959083557
578,8,0.6795864701271057
579,8,0.685961902141571
580,10,0.6571837067604065
581,8,0.6783009171485901
582,8,0.6791903972625732
583,8,0.6873539090156555
584,8,0.6844840049743652
585,9,0.6808634996414185
586,11,0.6534919738769531
587,10,0.6585618853569031
588,9,0.6808759570121765
589,10,0.6682253479957581
590,10,0.6802703738212585
591,8,0.6883559226989746
592,10,0.6604359149932861
593,7,0.6858070492744446
594,11,0.6634493470191956
595,6,0.6872076392173767
596,8,0.6844989657402039
597,10,0.6609022617340088
598,8,0.6795104742050171
599,9,0.6787950992584229
600,9,0.6664912700653076
601,8,0.669701099395752
602,8,0.6836727857589722
603,9,0.666096568107605
604,9,0.6805624961853027
605,6,0.6945430636405945
606,10,0.6712743639945984
607,8,0.6830477118492126
608,10,0.6610071063041687
609,10,0.6759815812110901
610,8,0.6845915913581848
611,10,0.6662546396255493
612,9,0.6761190891265869
613,10,0.6604071259498596
614,11,0.6749302744865417
615,9,0.6694250702857971
616,10,0.6769537329673767
617,10,0.6618155837059021
618,9,0.67066490650177
619,12,0.6641803979873657
620,9,0.6876618266105652
621,11,0.656157374382019
622,10,0.6709541082382202
623,8,0.6662178635597229
624,7,0.6900227069854736
625,10,0.666004478931427
626,11,0.6589412689208984
627,9,0.6714188456535339
628,11,0.6565930843353271
629,8,0.6729429364204407
630,8,0.6839596033096313
631,7,0.6887677907943726
632,8,0.6904692053794861
633,9,0.6710342168807983
634,10,0.6665159463882446
635,10,0.6647255420684814
636,9,0.6735607981681824
637,9,0.6702280640602112
638,9,0.674713134765625
639,8,0.6675436496734619
640,8,0.6859287023544312
641,11,0.6673409938812256
642,10,0.6669150590896606
643,9,0.6829236745834351
644,9,0.6753580570220947
645,9,0.6723368763923645
646,9,0.6763327121734619
647,10,0.677874743938446
648,9,0.6814303398132324
649,7,0.6839389801025391
650,7,0.6933419108390808
651,10,0.6614227294921875
652,8,0.6830633282661438
653,9,0.6748717427253723
654,9,0.6788263916969299
655,8,0.6825305819511414
656,8,0.6806899905204773
657,10,0.6543034315109253
658,10,0.6736161708831787
659,7,0.7000574469566345
660,9,0.6776891946792603
661,8,0.6762943863868713
662,11,0.6606407761573792
663,7,0.6810471415519714
664,7,0.6824226379394531
665,8,0.683681309223175
666,9,0.6866956353187561
667,9,0.6703464984893799
668,8,0.678243100643158
669,8,0.6779889464378357
670,9,0.6656431555747986
671,11,0.6682966351509094
672,10,0.6639906167984009
673,8,0.6927258372306824
674,8,0.6842283010482788
675,9,0.6826173663139343
676,11,0.6668417453765869
677,8,0.6667929291725159
678,9,0.6684452295303345
679,7,0.676809549331665
680,7,0.6860125660896301
681,8,0.6821972727775574
682,11,0.6607884168624878
683,9,0.6822882294654846
684,10,0.6640297770500183
685,9,0.6677520871162415
686,10,0.6597340106964111
687,9,0.6629054546356201
688,9,0.679055392742157
689,9,0.6569000482559204
690,9,0.6661291718482971
691,10,0.6519785523414612
692,9,0.6692311763763428
693,8,0.6845386624336243
694,9,0.6698658466339111
695,11,0.6652870178222656
696,8,0.684714138507843
697,9,0.6702220439910889
698,9,0.6815057396888733
699,10,0.6638815999031067
700,9,0.6805278658866882
701,10,0.6624087691307068
702,9,0.6837925910949707
703,6,0.6999191045761108
704,8,0.6914986968040466
705,9,0.6718751788139343
706,7,0.7037798166275024
707,9,0.6695232391357422
708,9,0.6869642734527588
709,9,0.6716423034667969
710,10,0.6711487770080566
711,7,0.6961800456047058
712,10,0.6554217338562012
713,11,0.6610338687896729
714,9,0.6763187646865845
715,8,0.696780264377594
716,7,0.6941874623298645
717,11,0.6530187129974365
718,10,0.6642031073570251
719,9,0.6753082871437073
720,12,0.6552553772926331
721,8,0.6921635270118713
722,9,0.6697508096694946
723,8,0.6765212416648865
724,9,0.6867327690124512
725,13,0.6591900587081909
726,8,0.6840494275093079
727,10,0.6587727069854736
728,10,0.6705104112625122
729,9,0.6759073734283447
730,10,0.6701045036315918
731,9,0.6661713123321533
732,7,0.6829684376716614
733,9,0.676710844039917
734,9,0.6734861731529236
735,9,0.6836504936218262
736,6,0.7016394734382629
737,10,0.6672699451446533
738,10,0.6633852124214172
739,10,0.6567990779876709
740,10,0.6775345802307129
741,9,0.6705430746078491
742,11,0.6586072444915771
743,9,0.6646650433540344
744,7,0.6920692920684814
745,9,0.6844007968902588
746,8,0.682229220867157
747,6,0.6909305453300476
748,11,0.6514467597007751
749,12,0.6436200737953186
750,7,0.691982090473175
751,8,0.6765773892402649
752,9,0.6742671132087708
753,8,0.6822936534881592
754,10,0.6845646500587463
755,7,0.6983253955841064
756,8,0.6687670946121216
757,6,0.7054133415222168
758,7,0.6942187547683716
759,10,0.6723393797874451
760,10,0.6667768359184265
761,10,0.6656439304351807
762,10,0.6728991866111755
763,9,0.6800338625907898
764,9,0.6675742864608765
765,9,0.6722343564033508
766,9,0.6685006618499756
767,8,0.6689485311508179
768,9,0.678366482257843
769,10,0.6817983984947205
770,7,0.690676748752594
771,8,0.6787267923355103
772,8,0.6795499920845032
773,9,0.6731922626495361
774,8,0.6754818558692932
775,12,0.6579440832138062
776,10,0.6683405041694641
777,9,0.6702532172203064
778,8,0.6815699934959412
779,9,0.6684097051620483
780,9,0.6802064776420593
781,9,0.6820101141929626
782,9,0.6733982563018799
783,10,0.6643373966217041
784,10,0.6683834791183472
785,9,0.6736466884613037
786,10,0.6757392883300781
787,10,0.6720833778381348
788,9,0.6802027821540833
789,9,0.6637675762176514
790,9,0.6651008725166321
791,9,0.6791380047798157
792,7,0.6864836812019348
793,9,0.677237868309021
794,9,0.6775054335594177
795,9,0.6787269115447998
796,9,0.6770244836807251
797,8,0.6824527978897095
798,10,0.6596530079841614
799,11,0.6563059091567993
800,10,0.6754963397979736
801,9,0.6758946776390076
802,9,0.6938371062278748
803,8,0.6851288676261902
804,11,0.6663147211074829
805,9,0.6748111248016357
806,10,0.6627229452133179
807,11,0.6693872809410095
808,9,0.6800236701965332
809,7,0.6819256544113159
810,9,0.6734777688980103
811,10,0.6710859537124634
812,10,0.670940101146698
813,11,0.6604015231132507
814,9,0.6764340400695801
815,8,0.674959123134613
816,10,0.6724814772605896
817,10,0.6688961982727051
818,10,0.6647855639457703
819,7,0.6841163635253906
820,10,0.6672709584236145
821,7,0.6874914765357971
822,9,0.6711113452911377
823,12,0.6394608020782471
824,10,0.6685720086097717
825,9,0.6772263050079346
826,9,0.6775286793708801
827,9,0.6764715313911438
828,8,0.6909970045089722
829,10,0.6721267104148865
830,8,0.6908217668533325
831,9,0.6760013699531555
832,10,0.6776838898658752
833,10,0.6794330477714539
834,9,0.67664635181427
835,10,0.676420271396637
836,10,0.6685888767242432
837,8,0.6899065375328064
838,12,0.6558381915092468
839,10,0.6714826226234436
840,9,0.6771156787872314
841,12,0.6551240682601929
842,11,0.6578611135482788
843,8,0.680306613445282
844,11,0.6591173410415649
845,10,0.6668088436126709
846,9,0.6762158274650574
847,8,0.6833864450454712
848,9,0.6752605438232422
849,11,0.6691519021987915
850,9,0.6750576496124268
851,9,0.6753758788108826
852,7,0.6923348903656006
853,7,0.6937217712402344
854,9,0.6689594388008118
855,10,0.6748204827308655
856,9,0.667866587638855
857,9,0.6800077557563782
858,8,0.6767165660858154
859,10,0.665848970413208
860,9,0.6769338846206665
861,9,0.6687822937965393
862,9,0.6751322746276855
863,9,0.6710218191146851
864,10,0.6608496308326721
865,9,0.6689450144767761
866,10,0.6766188740730286
867,9,0.6714771389961243
868,11,0.6620842814445496
869,7,0.6954711079597473
870,9,0.6733782887458801
871,8,0.6863886117935181
872,7,0.6847033500671387
873,8,0.6887774467468262
874,9,0.6777622103691101
875,9,0.6733068823814392
876,9,0.6691568493843079
877,10,0.6692718267440796
878,10,0.670685887336731
879,9,0.6770874261856079
880,8,0.6876575946807861
881,11,0.6506357789039612
882,8,0.6859302520751953
883,9,0.6753504872322083
884,8,0.6978421211242676
885,10,0.6755560040473938
886,9,0.6730520129203796
887,10,0.6652407050132751
888,9,0.6735180616378784
889,8,0.6824988722801208
890,7,0.690335214138031
891,9,0.6728376150131226
892,7,0.6954246759414673
893,9,0.6748619079589844
894,10,0.6693193912506104
895,8,0.6771251559257507
896,7,0.6895250678062439
897,11,0.6687812805175781
898,7,0.6885105967521667
899,10,0.6684731245040894
900,10,0.6661015152931213
901,8,0.6830976605415344
902,7,0.6836691498756409
903,8,0.677432656288147
904,10,0.6713474988937378
905,8,0.6790845990180969
906,9,0.6768807768821716
907,8,0.6756041646003723
908,10,0.6672715544700623
909,8,0.6767106652259827
910,9,0.6749913096427917
911,9,0.6775025129318237
912,10,0.6636176109313965
913,9,0.681755542755127
914,10,0.666506826877594
915,11,0.6648039221763611
916,12,0.6525450348854065
917,8,0.6825822591781616
918,11,0.6657251119613647
919,9,0.6707364916801453
920,9,0.6807299852371216
921,8,0.6879643797874451
922,11,0.6609868407249451
923,7,0.6781629920005798
924,11,0.6690987944602966
925,10,0.6730414628982544
926,8,0.6779924631118774
927,10,0.6750714778900146
928,7,0.6906869411468506
929,6,0.6810545921325684
930,9,0.6698542237281799
931,9,0.6842427253723145
932,9,0.6742846965789795
933,10,0.6721159219741821
934,10,0.6671817898750305
935,8,0.6716466546058655
936,11,0.659627377986908
937,9,0.6742575764656067
938,6,0.6862466335296631
939,10,0.6702175736427307
940,8,0.6880155801773071
941,10,0.6548523902893066
942,9,0.6708144545555115
943,8,0.6761643290519714
944,10,0.6630476117134094
945,7,0.6838586926460266
946,8,0.6866711974143982
947,8,0.6803088188171387
948,9,0.6838094592094421
949,7,0.6880460381507874
950,7,0.6840652227401733
951,11,0.666117787361145
952,9,0.6748652458190918
953,8,0.667804479598999
954,9,0.6681535243988037
955,10,0.6705594062805176
956,10,0.6721801161766052
957,10,0.6663652658462524
958,9,0.6745321750640869
959,10,0.6624298095703125
960,9,0.6784294247627258
961,9,0.6854561567306519
962,10,0.6693155765533447
963,9,0.6778929233551025
964,11,0.67649245262146
965,11,0.6646826267242432
966,10,0.6781110167503357
967,8,0.6725013852119446
968,9,0.6637644171714783
969,10,0.675595760345459
970,10,0.659145712852478
971,9,0.6725053191184998
972,9,0.6786831021308899
973,11,0.6676405072212219
974,11,0.6562022566795349
975,11,0.6498124599456787
976,10,0.6621595621109009
977,8,0.6827749609947205
978,9,0.675091564655304
979,10,0.664048433303833
980,8,0.670332670211792
981,9,0.6627957224845886
982,9,0.6824696063995361
983,10,0.6760246157646179
984,10,0.6572736501693726
985,9,0.6844884753227234
986,9,0.6818110942840576
987,6,0.6866664290428162
988,11,0.6598132252693176
989,9,0.6721921563148499
990,8,0.6786289215087891
991,9,0.6742228865623474
992,8,0.6786836981773376
993,8,0.6981196403503418
994,9,0.672076940536499
995,9,0.6674491763114929
996,8,0.680992603302002
997,10,0.6703497171401978
998,8,0.6756111979484558
999,8,0.6903981566429138
1000,10,0.6710096001625061
1001,9,0.6789427995681763
1002,8,0.6796046495437622
1003,11,0.6603690981864929
1004,10,0.6769831776618958
1005,9,0.6719211339950562
1006,10,0.6599425673484802
1007,10,0.6727240681648254
1008,10,0.659745454788208
1009,9,0.6764305830001831
1010,9,0.6747250556945801
1011,10,0.6808024048805237
1012,10,0.6675007343292236
1013,9,0.6708880066871643
1014,7,0.6889169216156006
1015,9,0.6880992650985718
1016,10,0.6832744479179382
1017,9,0.6717230081558228
1018,10,0.6726266741752625
1019,8,0.6739159226417542
1020,10,0.6732786297798157
1021,10,0.6717215180397034
1022,9,0.6704177260398865
1023,11,0.6594567894935608
1024,8,0.6884035468101501
1025,10,0.6702991724014282
1026,9,0.684171736240387
1027,6,0.6883317828178406
1028,10,0.6707875728607178
1029,10,0.6808409094810486
1030,10,0.6600700616836548
1031,10,0.6686504483222961
1032,9,0.6734902858734131
1033,9,0.6665553450584412
1034,9,0.6713933348655701
1035,10,0.660179615020752
1036,8,0.6733161211013794
1037,9,0.6735904812812805
1038,9,0.6698040962219238
1039,9,0.6715234518051147
1040,8,0.6764035224914551
1041,10,0.6643638610839844
1042,9,0.6654103994369507
1043,8,0.6837642192840576
1044,9,0.6755213737487793
1045,8,0.6883886456489563
1046,7,0.6893678903579712
1047,9,0.6776708960533142
1048,10,0.6794323921203613
1049,9,0.6687009334564209
1050,9,0.6831369996070862
1051,10,0.66203773021698
1052,11,0.6628928184509277
1053,7,0.6819865703582764
1054,9,0.6743986010551453
1055,10,0.6726809740066528
1056,9,0.6719428896903992
1057,9,0.6723388433456421
1058,8,0.6802847981452942
1059,8,0.6882010698318481
1060,8,0.682737410068512
1061,5,0.7043344378471375
1062,8,0.6813991069793701
1063,8,0.6791436076164246
1064,9,0.6700389981269836
1065,9,0.6657336354255676
1066,9,0.6761295795440674
1067,11,0.6558806896209717
1068,8,0.6833318471908569
1069,10,0.6592679619789124
1070,10,0.6583194136619568
1071,9,0.6757226586341858
1072,9,0.6645512580871582
1073,11,0.6676042675971985
1074,10,0.6670426726341248
1075,9,0.6706609129905701
1076,11,0.666176438331604
1077,11,0.6586630940437317
1078,8,0.6782453656196594
1079,8,0.6796168684959412
1080,10,0.6742488741874695
1081,9,0.6669921278953552
1082,12,0.6446564197540283
1083,10,0.6592680215835571
1084,9,0.6742959022521973
1085,11,0.6609635353088379
1086,10,0.6539610028266907
1087,9,0.6708841919898987
1088,8,0.668931782245636
1089,9,0.6755041480064392
1090,10,0.664825975894928
1091,8,0.6905443072319031
1092,11,0.6536295413970947
1093,7,0.6926676034927368
1094,9,0.6672281622886658
1095,9,0.6729134917259216
1096,10,0.6777687668800354
1097,8,0.6927871704101562
1098,9,0.669425904750824
1099,9,0.6798210740089417
1100,9,0.6795487403869629
1101,10,0.6601393222808838
1102,11,0.663434624671936
1103,8,0.6860228776931763
1104,10,0.6692999005317688
1105,10,0.6538474559783936
1106,10,0.6648788452148438
1107,9,0.672321617603302
1108,9,0.688197910785675
1109,9,0.6682857275009155
1110,11,0.6663731336593628
1111,8,0.6849087476730347
1112,7,0.6861644983291626
1113,10,0.6900615096092224
1114,9,0.6760790348052979
1115,9,0.6551783680915833
1116,7,0.70209801197052
1117,9,0.6722325086593628
1118,9,0.6861538887023926
1119,10,0.6757116913795471
1120,10,0.6766282916069031
1121,9,0.6638469696044922
1122,9,0.6729929447174072
1123,8,0.6842399835586548
1124,9,0.6778460741043091
1125,7,0.6881382465362549
1126,9,0.6796184778213501
1127,10,0.6660971641540527
1128,8,0.6831771731376648
1129,9,0.6796266436576843
1130,9,0.6642314791679382
1131,11,0.657907247543335
1132,8,0.679813027381897
1133,8,0.6835651397705078
1134,9,0.6852962374687195
1135,10,0.6610782742500305
1136,8,0.6920046806335449
1137,9,0.6739518046379089
1138,9,0.6748490333557129
1139,8,0.6795552968978882
1140,10,0.6647293567657471
1141,10,0.6706371903419495
1142,10,0.659589409828186
1143,10,0.6728916764259338
1144,9,0.6751343607902527
1145,10,0.6623990535736084
1146,7,0.7042080760002136
1147,9,0.6764348745346069
1148,10,0.6722880005836487
1149,10,0.6749512553215027
1150,8,0.6719216704368591
1151,8,0.6844534873962402
1152,7,0.6782161593437195
1153,9,0.6777892112731934
1154,8,0.6777328252792358
1155,9,0.6576511859893799
1156,10,0.6614731550216675
1157,9,0.6764807105064392
1158,9,0.6696641445159912
1159,9,0.6757388114929199
1160,9,0.6747812628746033
1161,8,0.6764073371887207
1162,9,0.6596853733062744
1163,11,0.6707854270935059
1164,8,0.685502290725708
1165,10,0.6599515676498413
1166,7,0.6882997751235962
1167,6,0.7027174234390259
1168,10,0.6563839912414551
1169,10,0.6793692111968994
1170,8,0.6868439316749573
1171,7,0.6767457723617554
1172,6,0.6943514943122864
1173,8,0.6902661323547363
1174,9,0.6808814406394958
1175,8,0.6910653710365295
1176,9,0.6770299673080444
1177,9,0.681327760219574
1178,8,0.6990414261817932
1179,8,0.6793273687362671
1180,9,0.6718673706054688
1181,10,0.6656250953674316
1182,9,0.6771567463874817
1183,10,0.670041024684906
1184,9,0.6735777258872986
1185,8,0.6758589744567871
1186,8,0.6794240474700928
1187,10,0.6690179705619812
1188,8,0.6781389117240906
1189,9,0.6732264161109924
1190,10,0.6697840094566345
1191,9,0.6771498322486877
1192,8,0.6856626272201538
1193,9,0.6685429215431213
1194,8,0.6894049644470215
1195,8,0.6850425004959106
1196,9,0.6871669292449951
1197,10,0.6710020303726196
1198,9,0.6686139702796936
1199,10,0.6702224612236023
1200,9,0.6763453483581543
1201,9,0.6713360548019409
1202,9,0.6754814386367798
1203,8,0.6834285259246826
1204,10,0.6652184128761292
1205,9,0.6673725247383118
1206,11,0.6617129445075989
1207,10,0.6692929267883301
1208,8,0.6812686920166016
1209,10,0.669446587562561
1210,9,0.6799803376197815
1211,9,0.6823817491531372
1212,9,0.677009105682373
1213,7,0.6844881176948547
1214,10,0.6655477285385132
1215,10,0.6701052784919739
1216,10,0.6706007122993469
1217,11,0.6696411967277527
1218,9,0.6789682507514954
1219,9,0.6803603172302246
1220,11,0.6546750068664551
1221,11,0.6703218817710876
1222,10,0.6739804744720459
1223,6,0.6943127512931824
1224,11,0.6673740148544312
1225,8,0.6818886399269104
1226,7,0.6850723028182983
1227,10,0.6637439727783203
1228,8,0.6781405806541443
1229,7,0.6866769194602966
1230,8,0.6927332878112793
1231,9,0.6684238910675049
1232,8,0.6800727844238281
1233,8,0.6794553399085999
1234,11,0.6626112461090088
1235,8,0.6812376379966736
1236,8,0.6860719323158264
1237,10,0.6790270805358887
1238,10,0.6689730882644653
1239,10,0.6675240397453308
1240,9,0.6727716326713562
1241,8,0.6735475659370422
1242,8,0.6776414513587952
1243,7,0.6820754408836365
1244,9,0.6921135187149048
1245,8,0.6744773387908936
1246,9,0.6769213676452637
1247,8,0.6739447116851807
1248,11,0.6610460877418518
1249,10,0.662423849105835
1250,8,0.6829149723052979
1251,8,0.6770945191383362
1252,11,0.669969916343689
1253,9,0.6827044486999512
1254,11,0.6684226393699646
1255,9,0.681294858455658
1256,8,0.675736665725708
1257,10,0.6705905199050903
1258,9,0.6748190522193909
1259,11,0.6634258031845093
1260,8,0.6808540225028992
1261,7,0.6846585273742676
1262,10,0.6700842380523682
1263,9,0.682636559009552
1264,11,0.6678513884544373
1265,11,0.6619442701339722
1266,10,0.6738676428794861
1267,9,0.6727663278579712
1268,7,0.6859763860702515
1269,10,0.6733657121658325
1270,9,0.6752992868423462
1271,9,0.6726871728897095
1272,11,0.6637485027313232
1273,11,0.6658748388290405
1274,10,0.676872730255127
1275,8,0.6732943654060364
1276,11,0.6641638875007629
1277,7,0.6787499785423279
1278,7,0.6821901798248291
1279,10,0.6745753288269043
1280,9,0.6767118573188782
1281,9,0.6805469393730164
1282,9,0.6753660440444946
1283,10,0.6707584261894226
1284,10,0.6644930839538574
1285,8,0.6805327534675598
1286,9,0.666166365146637
1287,10,0.6662216186523438
1288,10,0.6685006618499756
1289,9,0.6756185293197632
1290,9,0.671751856803894
1291,9,0.6778295636177063
1292,11,0.658872663974762
1293,9,0.6718133687973022
1294,9,0.6692652702331543
1295,8,0.6791002154350281
1296,8,0.6801799535751343
1297,9,0.6779834628105164
1298,10,0.6717862486839294
1299,12,0.6513351202011108
1300,9,0.675466775894165
1301,10,0.6684001088142395
1302,10,0.6665502190589905
1303,10,0.6671280860900879
1304,8,0.6885019540786743
1305,11,0.6680709719657898
1306,9,0.6833301782608032
1307,9,0.6794877648353577
1308,8,0.6784043312072754
1309,9,0.6862514019012451
1310,10,0.6711205840110779
1311,11,0.6628009080886841
1312,10,0.6717559695243835
1313,10,0.6685937643051147
1314,7,0.6787758469581604
1315,9,0.679613471031189
1316,10,0.6623045206069946
1317,9,0.6839872598648071
1318,10,0.6655561923980713
1319,8,0.6883703470230103
1320,11,0.6576804518699646
1321,9,0.6723716855049133
1322,9,0.6760207414627075
1323,9,0.6679204702377319
1324,10,0.6696252226829529
1325,9,0.6743152737617493
1326,11,0.6575171947479248
1327,8,0.6786197423934937
1328,10,0.6575254797935486
1329,9,0.6714758276939392
1330,11,0.6549819707870483
1331,8,0.6804025173187256
1332,10,0.6745128035545349
1333,8,0.6783233880996704
1334,11,0.6584059000015259
1335,9,0.66469407081604
1336,9,0.6737580895423889
1337,9,0.6761665344238281
1338,8,0.6814919114112854
1339,8,0.679429292678833
1340,8,0.6795390248298645
1341,11,0.6572774648666382
1342,8,0.6773093938827515
1343,7,0.6779940128326416
1344,10,0.6783196926116943
1345,10,0.6677941679954529
1346,10,0.6595790386199951
1347,10,0.6632842421531677
1348,8,0.6877458691596985
1349,8,0.6774030923843384
1350,8,0.6652502417564392
1351,9,0.6707453727722168
1352,10,0.6674853563308716
1353,12,0.6609049439430237
1354,9,0.6831530928611755
1355,9,0.6740370988845825
1356,9,0.6740330457687378
1357,8,0.6831356287002563
1358,10,0.6690456867218018
1359,10,0.6621824502944946
1360,10,0.6696399450302124
1361,8,0.670336127281189
1362,9,0.6810351610183716
1363,10,0.6568219065666199
1364,9,0.6788444519042969
1365,8,0.6804413795471191
1366,10,0.6794549822807312
1367,10,0.6667780876159668
1368,9,0.6684747934341431
1369,9,0.6637463569641113
1370,10,0.6706749796867371
1371,10,0.6701943874359131
1372,7,0.6966636180877686
1373,9,0.6749042272567749
1374,12,0.6469091176986694
1375,9,0.6743451952934265
1376,8,0.6813269853591919
1377,9,0.6796804070472717
1378,7,0.6912815570831299
1379,7,0.6936250925064087
1380,7,0.6823858022689819
1381,9,0.6680496335029602
1382,8,0.6798011064529419
1383,10,0.6703659296035767
1384,10,0.6659690141677856
1385,7,0.68426513671875
1386,10,0.6620565056800842
1387,10,0.6676512956619263
1388,8,0.6848184466362
1389,11,0.6643102169036865
1390,9,0.67560213804245
1391,7,0.6844820976257324
1392,10,0.6576051115989685
1393,10,0.6729374527931213
1394,9,0.6761171817779541
1395,10,0.659230649471283
1396,9,0.6731257438659668
1397,9,0.6781046986579895
1398,8,0.6816180348396301
1399,8,0.6881030201911926
1400,8,0.6819636821746826
1401,7,0.69207763671875
1402,8,0.6726224422454834
1403,8,0.6810365319252014
1404,9,0.6780619621276855
1405,10,0.6722409129142761
1406,9,0.6748219132423401
1407,9,0.6695117950439453
1408,7,0.6984992027282715
1409,9,0.6813104748725891
1410,8,0.6812957525253296
1411,10,0.665610134601593
1412,9,0.6740000247955322
1413,9,0.6727202534675598
1414,10,0.6644328236579895
1415,9,0.6704001426696777
1416,9,0.6798049211502075
1417,11,0.6670027375221252
1418,9,0.684134840965271
1419,8,0.6760226488113403
1420,10,0.6690108776092529
1421,8,0.6728672981262207
1422,7,0.6956257820129395
1423,10,0.666981041431427
1424,9,0.6714985370635986
1425,8,0.6788910031318665
1426,9,0.682227373123169
1427,9,0.6708829402923584
1428,11,0.6591933369636536
1429,9,0.669863760471344
1430,7,0.6940271258354187
1431,10,0.665111243724823
1432,12,0.6588875651359558
1433,10,0.660361647605896
1434,7,0.6890119910240173
1435,8,0.6885591149330139
1436,10,0.6733613014221191
1437,8,0.6775141954421997
1438,8,0.680759072303772
1439,8,0.6731705665588379
1440,10,0.6650221943855286
1441,7,0.6838675141334534
1442,9,0.678015947341919
1443,10,0.6746020317077637
1444,10,0.6624031662940979
1445,7,0.6773674488067627
1446,8,0.6783960461616516
1447,7,0.6805120706558228
1448,10,0.6743441224098206
1449,9,0.6770675778388977
1450,9,0.6670915484428406
1451,9,0.6703256964683533
1452,8,0.6797105669975281
1453,8,0.6684365272521973
1454,7,0.6877291798591614
1455,9,0.6790183186531067
1456,10,0.670631468296051
1457,10,0.6754439473152161
1458,9,0.6683316826820374
1459,11,0.6635284423828125
1460,10,0.6749366521835327
1461,11,0.662146806716919
1462,11,0.6602257490158081
1463,10,0.6629113554954529
1464,7,0.6909618973731995
1465,7,0.6833459734916687
1466,9,0.678134560585022
1467,8,0.6734117269515991
1468,8,0.6773374676704407
1469,10,0.6675568222999573
1470,10,0.6674752831459045
1471,9,0.674469530582428
1472,10,0.6717685461044312
1473,10,0.6619897484779358
1474,10,0.6600579023361206
1475,8,0.6807318925857544
1476,9,0.6822925806045532
1477,8,0.6823104619979858
1478,10,0.6683493852615356
1479,8,0.6729349493980408
1480,9,0.6785948872566223
1481,10,0.6696856021881104
1482,11,0.6551647782325745
1483,7,0.6953693628311157
1484,10,0.6732324361801147
1485,9,0.6839268207550049
1486,8,0.683420717716217
1487,10,0.6609196662902832
1488,9,0.679776132106781
1489,11,0.6624104976654053
1490,11,0.655660092830658
1491,8,0.6866380572319031
1492,10,0.6596799492835999
1493,9,0.6693735718727112
1494,9,0.6733547449111938
1495,10,0.6691343784332275
1496,11,0.6684725880622864
1497,10,0.6734861135482788
1498,10,0.6693272590637207
1499,10,0.65264493227005
1500,8,0.6816869974136353
1501,10,0.659259021282196
1502,8,0.6893017292022705
1503,10,0.6788185834884644
1504,10,0.6854034662246704
1505,9,0.6660686731338501
1506,10,0.6626932621002197
1507,7,0.6841455101966858
1508,10,0.6774744391441345
1509,10,0.6534720063209534
1510,9,0.6585631370544434
1511,8,0.684150755405426
1512,9,0.672617495059967
1513,10,0.6595107913017273
1514,9,0.6877280473709106
1515,11,0.6681812405586243
1516,9,0.6544746160507202
1517,10,0.6718092560768127
1518,7,0.7018422484397888
1519,8,0.6863762140274048
1520,11,0.661457896232605
1521,10,0.6609694957733154
1522,9,0.6885979175567627
1523,9,0.6659380197525024
1524,10,0.672839343547821
1525,9,0.6598990559577942
1526,10,0.6651145815849304
1527,7,0.7003239989280701
1528,9,0.6649846434593201
1529,11,0.6638867855072021
1530,11,0.6284956336021423
1531,10,0.6582244634628296
1532,11,0.6656554937362671
1533,8,0.6690319180488586
1534,9,0.6626797318458557
1535,9,0.6663274168968201
1536,12,0.6284261345863342
1537,8,0.6684520244598389
1538,9,0.6827743649482727
1539,10,0.6814666986465454
1540,11,0.6528476476669312
1541,10,0.6527773141860962
1542,8,0.6872448921203613
1543,7,0.6860883831977844
1544,10,0.6567083597183228
1545,12,0.6438117027282715
1546,8,0.686430811882019
1547,9,0.663714587688446
1548,10,0.6281387209892273
1549,9,0.6633960008621216
1550,12,0.6413091421127319
1551,9,0.6846075654029846
1552,8,0.68168044090271
1553,11,0.6524120569229126
1554,8,0.7160196900367737
1555,8,0.7297451496124268
1556,6,0.7201536297798157
1557,7,0.7255728244781494
1558,9,0.6922309398651123
1559,11,0.6529440879821777
1560,10,0.6823670864105225
1561,7,0.704123854637146
1562,9,0.6893283128738403
1563,7,0.6947422027587891
1564,11,0.6590094566345215
1565,9,0.6763980388641357
1566,10,0.6477997303009033
1567,8,0.6829503774642944
1568,9,0.6780275702476501
1569,10,0.6618553400039673
1570,8,0.6747575402259827
1571,7,0.7019873261451721
1572,9,0.6895440816879272
1573,10,0.6707802414894104
1574,8,0.6861034631729126
1575,10,0.6752173900604248
1576,9,0.6717314124107361
1577,8,0.6864451766014099
1578,8,0.6936531066894531
1579,11,0.6586018204689026
1580,10,0.6719883680343628
1581,11,0.6675057411193848
1582,9,0.6936866641044617
1583,10,0.6744205951690674
1584,10,0.6753262281417847
1585,10,0.6669899225234985
1586,9,0.6714240312576294
1587,9,0.6717366576194763
1588,9,0.6670408844947815
1589,10,0.665297269821167
1590,10,0.6657828688621521
1591,9,0.6934568285942078
1592,10,0.6643548607826233
1593,8,0.6874940991401672
1594,10,0.6701460480690002
1595,10,0.6669700145721436
1596,9,0.6811211109161377
1597,9,0.6758337616920471
1598,9,0.6789989471435547
1599,9,0.6685743927955627
1600,9,0.6736248135566711
1601,9,0.6702343225479126
1602,8,0.6765556931495667
1603,7,0.6804032921791077
1604,9,0.6807054281234741
1605,8,0.6758859157562256
1606,11,0.6612201929092407
1607,10,0.6720155477523804
1608,11,0.6634230017662048
1609,9,0.673184335231781
1610,9,0.6733493804931641
1611,10,0.6703700423240662
1612,9,0.6775190234184265
1613,9,0.678698718547821
1614,8,0.6904098987579346
1615,10,0.6645708680152893
1616,8,0.674363374710083
1617,12,0.6585167646408081
1618,10,0.6660938858985901
1619,12,0.6556346416473389
1620,9,0.6790523529052734
1621,9,0.6825667023658752
1622,11,0.6566724181175232
1623,10,0.6740684509277344
1624,8,0.6805349588394165
1625,11,0.6565812826156616
1626,10,0.6698009967803955
1627,8,0.6954370141029358
1628,10,0.6680410504341125
1629,9,0.6629030108451843
1630,9,0.6625573635101318
1631,8,0.6727070808410645
1632,10,0.6787126064300537
1633,9,0.6751176714897156
1634,5,0.7029670476913452
1635,9,0.6722076535224915
1636,10,0.6579089164733887
1637,8,0.6763554215431213
1638,11,0.6588222980499268
1639,7,0.6920128464698792
1640,10,0.6725483536720276
1641,10,0.6611383557319641
1642,8,0.6783103942871094
1643,11,0.6687190532684326
1644,9,0.6735163927078247
1645,9,0.6697230339050293
1646,9,0.6679905652999878
1647,7,0.6875755190849304
1648,9,0.680438220500946
1649,11,0.6565749645233154
1650,10,0.6773243546485901
1651,11,0.667769193649292
1652,9,0.676084041595459
1653,9,0.6811147928237915
1654,9,0.6769653558731079
1655,10,0.6606305837631226
1656,9,0.6757882833480835
1657,7,0.6951289176940918
1658,8,0.6819033026695251
1659,10,0.6386387348175049
1660,10,0.6709793210029602
1661,11,0.6540107727050781
1662,7,0.6909059286117554
1663,9,0.6750414371490479
1664,8,0.6727611422538757
1665,10,0.6710717082023621
1666,10,0.6617769598960876
1667,10,0.6812136769294739
1668,8,0.6864324808120728
1669,8,0.6823580265045166
1670,9,0.670246958732605
1671,10,0.6734355092048645
1672,8,0.6770874857902527
1673,10,0.6667796969413757
1674,8,0.6710803508758545
1675,9,0.6606422662734985
1676,7,0.6942981481552124
1677,8,0.679720938205719
1678,7,0.6803901195526123
1679,9,0.6614536046981812
1680,9,0.6718623638153076
1681,8,0.6866286993026733
1682,10,0.6637264490127563
1683,11,0.6676594018936157
1684,8,0.6863139867782593
1685,11,0.6596202254295349
1686,10,0.6713060736656189
1687,7,0.6862987279891968
1688,9,0.6839776039123535
1689,8,0.6816800832748413
1690,9,0.6767047643661499
1691,11,0.6560706496238708
1692,6,0.6873602271080017
1693,11,0.6583369374275208
1694,11,0.647918701171875
1695,11,0.66832435131073
1696,11,0.666704535484314
1697,10,0.6667434573173523
1698,8,0.6841345429420471
1699,8,0.6825003027915955
1700,10,0.6625574231147766
1701,10,0.6771623492240906
1702,7,0.6921901106834412
1703,8,0.6784185767173767
1704,11,0.6625845432281494
1705,10,0.6579616665840149
1706,9,0.6750504970550537
1707,10,0.6715524792671204
1708,9,0.6671971082687378
1709,10,0.6666646599769592
1710,9,0.6597549915313721
1711,11,0.668449878692627
1712,7,0.6806296706199646
1713,8,0.6782299280166626
1714,8,0.6857092380523682
1715,11,0.6640308499336243
1716,9,0.6717393398284912
1717,10,0.6617432236671448
1718,12,0.6606565117835999
1719,12,0.653024435043335
1720,7,0.6915765404701233
1721,7,0.6823529005050659
1722,9,0.6716940402984619
1723,8,0.6775010824203491
1724,8,0.6860692501068115
1725,9,0.6749235391616821
1726,9,0.6762921810150146
1727,9,0.6753644347190857
1728,7,0.6850444078445435
1729,8,0.6867523789405823
1730,12,0.6518052816390991
1731,10,0.6500855088233948
1732,7,0.6871811151504517
1733,8,0.6841474771499634
1734,9,0.6765636205673218
1735,6,0.6944181323051453
1736,9,0.6754584312438965
1737,10,0.6700262427330017
1738,10,0.6751642823219299
1739,8,0.679189920425415
1740,8,0.6796001195907593
1741,8,0.6823173761367798
1742,10,0.6705741882324219
1743,8,0.6714012622833252
1744,8,0.6760750412940979
1745,7,0.6940776109695435
1746,7,0.6885106563568115
1747,8,0.6715823411941528
1748,9,0.6852896213531494
1749,10,0.6741809248924255
1750,10,0.6686771512031555
1751,9,0.6792574524879456
1752,9,0.6776978373527527
1753,12,0.6584854125976562
1754,9,0.6799747943878174
1755,8,0.6802313327789307
1756,12,0.6582563519477844
1757,10,0.6692684292793274
1758,9,0.6777257323265076
1759,10,0.6697340607643127
1760,11,0.6607293486595154
1761,9,0.6800641417503357
1762,9,0.6796938180923462
1763,8,0.680422306060791
1764,10,0.6693574786186218
1765,7,0.6855599880218506
1766,7,0.6879646182060242
1767,12,0.6591028571128845
1768,12,0.6507982015609741
1769,9,0.6781431436538696
1770,7,0.6825345754623413
1771,10,0.6673195362091064
1772,9,0.6732131838798523
1773,9,0.6673069000244141
1774,7,0.6915494799613953
1775,10,0.6734106540679932
1776,8,0.6764538288116455
1777,8,0.6812924146652222
1778,9,0.6727851033210754
1779,10,0.6690472960472107
1780,9,0.6730730533599854
1781,10,0.6613559126853943
1782,9,0.6721276640892029
1783,12,0.6600441932678223
1784,6,0.7011495232582092
1785,10,0.6665952205657959
1786,9,0.6718394756317139
1787,7,0.6800956726074219
1788,9,0.674855649471283
1789,7,0.6779137253761292
1790,12,0.6584916114807129
1791,8,0.67514967918396
1792,9,0.6745240688323975
1793,10,0.6730298399925232
1794,10,0.6688790917396545
1795,8,0.6741589307785034
1796,9,0.6732310652732849
1797,8,0.6839984059333801
1798,10,0.6625747084617615
1799,9,0.6728492975234985
1800,11,0.6606778502464294
1801,8,0.6865786910057068
1802,9,0.6782426238059998
1803,11,0.6598909497261047
1804,9,0.6775505542755127
1805,8,0.6835777163505554
1806,12,0.6603521704673767
1807,8,0.6741747856140137
1808,10,0.6700542569160461
1809,10,0.6843441128730774
1810,10,0.6656458377838135
1811,9,0.6760664582252502
1812,9,0.6700997352600098
1813,10,0.6748895049095154
1814,9,0.6693162322044373
1815,7,0.6832131743431091
1816,9,0.6788129210472107
1817,8,0.6926819682121277
1818,8,0.6783039569854736
1819,13,0.64726722240448
1820,11,0.6598108410835266
1821,9,0.6733525991439819
1822,7,0.6787288784980774
1823,9,0.6744742393493652
1824,9,0.6790109872817993
1825,9,0.669925332069397
1826,11,0.668442964553833
1827,8,0.6910858750343323
1828,10,0.6676033735275269
1829,11,0.6611874103546143
1830,9,0.6737533807754517
1831,9,0.6763560771942139
1832,9,0.6740237474441528
1833,8,0.6829713582992554
1834,10,0.6703202128410339
1835,10,0.6771891713142395
1836,9,0.6866880655288696
1837,10,0.6687793731689453
1838,10,0.6779318451881409
1839,7,0.6884716153144836
1840,8,0.6918790936470032
1841,9,0.6797969937324524
1842,7,0.6932410597801208
1843,8,0.6869344115257263
1844,9,0.6683571338653564
1845,9,0.6661260724067688
1846,9,0.6699220538139343
1847,7,0.6769226789474487
1848,10,0.6685369610786438
1849,10,0.666187584400177
1850,9,0.6634997725486755
1851,12,0.6598732471466064
1852,10,0.6631330251693726
1853,9,0.6717316508293152
1854,10,0.6636099219322205
1855,8,0.6762818098068237
1856,7,0.6872758269309998
1857,9,0.6743026971817017
1858,9,0.6797789931297302
1859,10,0.6718361377716064
1860,8,0.6815237402915955
1861,11,0.6568169593811035
1862,8,0.680178701877594
1863,9,0.6740570664405823
1864,10,0.6706297993659973
1865,10,0.6663284301757812
1866,8,0.686593770980835
1867,9,0.6798284649848938
1868,11,0.6601147651672363
1869,10,0.6706832647323608
1870,8,0.6751022338867188
1871,8,0.6791975498199463
1872,9,0.678494930267334
1873,12,0.6616197228431702
1874,12,0.6602609157562256
1875,9,0.6704785823822021
1876,9,0.6782266497612
1877,8,0.6890174746513367
1878,9,0.672654390335083
1879,9,0.6668630838394165
1880,12,0.6554623246192932
1881,8,0.6833027005195618
1882,8,0.6764346361160278
1883,8,0.6949273943901062
1884,10,0.6762738227844238
1885,7,0.6896811127662659
1886,7,0.690619707107544
1887,9,0.6811196804046631
1888,10,0.6699645519256592
1889,8,0.682231605052948
1890,8,0.6720761656761169
1891,11,0.6644856333732605
1892,9,0.6723625659942627
1893,7,0.6905929446220398
1894,10,0.6810474395751953
1895,6,0.6905357241630554
1896,9,0.6633498668670654
1897,9,0.6752232909202576
1898,9,0.6695511341094971
1899,8,0.6878935098648071
1900,9,0.6724412441253662
1901,7,0.697058916091919
1902,8,0.6834258437156677
1903,11,0.6669855713844299
1904,8,0.6878054141998291
1905,9,0.6689569354057312
1906,12,0.6654068231582642
1907,8,0.6828681230545044
1908,7,0.6884141564369202
1909,9,0.6813090443611145
1910,9,0.674635648727417
1911,9,0.6711722612380981
1912,9,0.677388072013855
1913,10,0.6606110334396362
1914,7,0.678661048412323
1915,11,0.6622387766838074
1916,13,0.6583797931671143
1917,8,0.6781871318817139
1918,8,0.6713894605636597
1919,9,0.6749709844589233
1920,10,0.6764047145843506
1921,8,0.6846778392791748
1922,10,0.662071168422699
1923,8,0.6775288581848145
1924,10,0.6658695936203003
1925,11,0.6643673181533813
1926,9,0.6678826808929443
1927,8,0.6797783374786377
1928,8,0.6833716034889221
1929,11,0.6627340912818909
1930,6,0.6879709362983704
1931,7,0.6854048371315002
1932,9,0.673079252243042
1933,10,0.6694093346595764
1934,9,0.6886484622955322
1935,10,0.6719149947166443
1936,10,0.6715655326843262
1937,7,0.6854888200759888
1938,8,0.6810318231582642
1939,11,0.6664465069770813
1940,11,0.661360502243042
1941,9,0.6684622764587402
1942,9,0.6735839247703552
1943,9,0.6682316064834595
1944,10,0.6574456691741943
1945,10,0.6689768433570862
1946,9,0.6734158396720886
1947,9,0.6784600615501404
1948,9,0.6720542907714844
1949,7,0.6836755871772766
1950,8,0.6746809482574463
1951,10,0.6608055830001831
1952,9,0.6716681122779846
1953,10,0.6717358231544495
1954,10,0.6703076958656311
1955,8,0.6717020273208618
1956,10,0.6692858338356018
1957,10,0.6753095388412476
1958,8,0.6770275831222534
1959,12,0.6635432243347168
1960,11,0.6648848652839661
1961,7,0.685585081577301
1962,11,0.6637309789657593
1963,8,0.6802610754966736
1964,10,0.6529836058616638
1965,10,0.6790865063667297
1966,8,0.6787673830986023
1967,10,0.6700864434242249
1968,9,0.667448103427887
1969,7,0.6804567575454712
1970,8,0.6792445182800293
1971,9,0.6787009239196777
1972,8,0.6761115789413452
1973,9,0.6572759747505188
1974,9,0.667869508266449
1975,10,0.6693452596664429
1976,10,0.6693880558013916
1977,8,0.6726467609405518
1978,9,0.671196699142456
1979,11,0.6621053814888
1980,10,0.670891284942627
1981,10,0.6671913266181946
1982,7,0.6752973794937134
1983,10,0.6522588133811951
1984,7,0.70013827085495
1985,8,0.6745346784591675
1986,8,0.6830186247825623
1987,9,0.6816709041595459
1988,7,0.6819273233413696
1989,8,0.6835680603981018
1990,9,0.6703703999519348
1991,7,0.6795340776443481
1992,11,0.6610129475593567
1993,8,0.6812644004821777
1994,8,0.6699076294898987
1995,9,0.6786024570465088
1996,9,0.6897612810134888
1997,11,0.6654605269432068
1998,9,0.6777023077011108
1999,10,0.6694251298904419
2000,9,0.6831172704696655
2001,10,0.6692060828208923
2002,9,0.6768180727958679
2003,8,0.6830706000328064
2004,7,0.6902454495429993
2005,10,0.6610180139541626
2006,10,0.6667845249176025
2007,7,0.6825124621391296
2008,11,0.6668951511383057
2009,10,0.660419762134552
2010,12,0.654295802116394
2011,8,0.670336902141571
2012,11,0.6676189303398132
2013,11,0.6741926074028015
2014,8,0.6735775470733643
2015,11,0.6643650531768799
2016,10,0.6658872961997986
2017,8,0.6774294972419739
2018,9,0.6687383055686951
2019,9,0.6755449175834656
2020,10,0.6739196181297302
2021,7,0.698173463344574
2022,8,0.6806312799453735
2023,7,0.6890546679496765
2024,8,0.6771786212921143
2025,11,0.6652196645736694
2026,9,0.6787612438201904
2027,10,0.6710423827171326
2028,11,0.6686725616455078
2029,12,0.6603977680206299
2030,10,0.6724805235862732
2031,9,0.6855296492576599
2032,9,0.6730439066886902
2033,10,0.6766371726989746
2034,10,0.6654523611068726
2035,9,0.678841233253479
2036,7,0.6789020299911499
2037,11,0.6561413407325745
2038,8,0.6747799515724182
2039,9,0.6709094047546387
2040,10,0.676613450050354
2041,10,0.6624546051025391
2042,8,0.6738709211349487
2043,11,0.6595132350921631
2044,8,0.6691920757293701
2045,10,0.6661699414253235
2046,8,0.6770430207252502
2047,9,0.681393563747406
2048,10,0.6605728268623352
2049,7,0.6817781329154968
2050,10,0.6620597839355469
2051,11,0.6610620021820068
2052,10,0.6677353382110596
2053,9,0.6761114001274109
2054,9,0.6831170916557312
2055,9,0.6695818305015564
2056,8,0.6811608672142029
2057,10,0.6748042106628418
2058,9,0.6711562275886536
2059,10,0.6601158380508423
2060,8,0.680487871170044
2061,9,0.6690649390220642
2062,11,0.6660265922546387
2063,10,0.6722749471664429
2064,9,0.6751692295074463
2065,8,0.6846713423728943
2066,9,0.6756245493888855
2067,9,0.6686451435089111
2068,9,0.6798334717750549
2069,8,0.6795777678489685
2070,8,0.6809913516044617
2071,9,0.6722767353057861
2072,10,0.6685110330581665
2073,9,0.6669632196426392
2074,10,0.6754788160324097
2075,9,0.6871570348739624
2076,10,0.6604151129722595
2077,11,0.6723024845123291
2078,9,0.6850269436836243
2079,9,0.6806795001029968
2080,8,0.6769687533378601
2081,9,0.6716307997703552
2082,10,0.6608786582946777
2083,8,0.6776338219642639
2084,9,0.6671565771102905
2085,9,0.6719411611557007
2086,10,0.6635723114013672
2087,7,0.6919645071029663
2088,8,0.6856675148010254
2089,9,0.6706346273422241
2090,10,0.6694305539131165
2091,9,0.6725082397460938
2092,9,0.6718547940254211
2093,9,0.6783566474914551
2094,7,0.6909033060073853
2095,9,0.6710435748100281
2096,7,0.6836215257644653
2097,12,0.6549407243728638
2098,9,0.6823211908340454
2099,7,0.6750820279121399
2100,9,0.6684390902519226
2101,11,0.658626914024353
2102,10,0.6674224734306335
2103,9,0.6746099591255188
2104,10,0.6628645062446594
2105,7,0.6942114233970642
2106,10,0.6713017225265503
2107,11,0.6718576550483704
2108,8,0.6799174547195435
2109,9,0.6831715106964111
2110,10,0.6652171611785889
2111,11,0.6642542481422424
2112,9,0.66620272397995
2113,9,0.6710216999053955
2114,12,0.6572093963623047
2115,10,0.6687384843826294
2116,9,0.6744795441627502
2117,11,0.662692129611969
2118,9,0.6771193146705627
2119,10,0.6705731153488159
2120,10,0.6738185286521912
2121,11,0.6583847999572754
2122,10,0.6708652973175049
2123,9,0.6741230487823486
2124,8,0.6692377328872681
2125,10,0.6656453013420105
2126,10,0.6670632362365723
2127,8,0.6783319115638733
2128,8,0.6816463470458984
2129,10,0.669786274433136
2130,8,0.6788512468338013
2131,10,0.6621086597442627
2132,6,0.6892279982566833
2133,10,0.665231466293335
2134,9,0.6859700083732605
2135,10,0.660295844078064
2136,7,0.6907937526702881
2137,8,0.6930001974105835
2138,8,0.6870978474617004
2139,8,0.6889147162437439
2140,12,0.659750759601593
2141,8,0.6793280839920044
2142,8,0.6730309128761292
2143,9,0.6815206408500671
2144,8,0.6742445230484009
2145,8,0.6817067861557007
2146,9,0.6713067889213562
2147,10,0.6739661693572998
2148,10,0.6736401915550232
2149,8,0.6844014525413513
2150,8,0.6913242340087891
2151,8,0.6716747879981995
2152,8,0.675952136516571
2153,9,0.668855607509613
2154,10,0.6752363443374634
2155,10,0.6691930890083313
2156,9,0.6853297352790833
2157,10,0.6638553142547607
2158,8,0.6740334033966064
2159,9,0.685951828956604
2160,10,0.6760954856872559
2161,8,0.6817935705184937
2162,8,0.6714951395988464
2163,10,0.6670327186584473
2164,9,0.6835036277770996
2165,9,0.6669058203697205
2166,9,0.6757913827896118
2167,7,0.6902168393135071
2168,8,0.676472008228302
2169,7,0.6845303177833557
2170,9,0.6702495813369751
2171,10,0.6673761010169983
2172,8,0.67197585105896
2173,7,0.6835499405860901
2174,7,0.6867401003837585
2175,8,0.6869703531265259
2176,10,0.6674938201904297
2177,9,0.6766109466552734
2178,11,0.6569101810455322
2179,10,0.6621587872505188
2180,7,0.6855754256248474
2181,12,0.6578114032745361
2182,9,0.6728684306144714
2183,9,0.665907621383667
2184,9,0.6560271978378296
2185,8,0.6828643679618835
2186,9,0.6796533465385437
2187,10,0.665118932723999
2188,12,0.6666179895401001
2189,9,0.6813275218009949
2190,9,0.6695842146873474
2191,8,0.6881266832351685
2192,10,0.6741482019424438
2193,11,0.6693056225776672
2194,9,0.6805622577667236
2195,9,0.6697471141815186
2196,9,0.6732068657875061
2197,8,0.6830160021781921
2198,7,0.6864684224128723
2199,11,0.669157087802887
2200,9,0.6728840470314026
2201,10,0.6635904908180237
2202,9,0.6680017113685608
2203,8,0.6831772327423096
2204,9,0.6838468313217163
2205,8,0.6814191341400146
2206,11,0.656154453754425
2207,10,0.6771082282066345
2208,7,0.6986751556396484
2209,10,0.6623468995094299
2210,10,0.6674903035163879
2211,10,0.6720439195632935
2212,11,0.6663745045661926
2213,9,0.6732771396636963
2214,10,0.6775084137916565
2215,10,0.6664793491363525
2216,9,0.6685919761657715
2217,8,0.6837116479873657
2218,9,0.6692589521408081
2219,8,0.6733991503715515
2220,10,0.6691703200340271
2221,8,0.6814912557601929
2222,9,0.6759387254714966
2223,9,0.6631723046302795
2224,11,0.6693874597549438
2225,10,0.6678187847137451
2226,7,0.6868728399276733
2227,9,0.6754981279373169
2228,9,0.6665288805961609
2229,12,0.6466498374938965
2230,10,0.6682952642440796
2231,9,0.6698349714279175
2232,9,0.6677942872047424
2233,8,0.6835474967956543
2234,8,0.6876311302185059
2235,11,0.673129141330719
2236,9,0.6632046699523926
2237,10,0.6616278886795044
2238,8,0.675834059715271
2239,10,0.6663525104522705
2240,7,0.6761871576309204
2241,11,0.6591389179229736
2242,10,0.667197048664093
2243,10,0.6665496826171875
2244,8,0.6841615438461304
2245,12,0.6591823697090149
2246,10,0.6636502146720886
2247,8,0.6805428862571716
2248,8,0.6857627034187317
2249,9,0.6652223467826843
2250,8,0.6890964508056641
2251,8,0.6704280972480774
2252,9,0.6774057149887085
2253,10,0.6625686883926392
2254,9,0.6738354563713074
2255,9,0.671852171421051
2256,9,0.6762550473213196
2257,10,0.661620557308197
2258,10,0.6623451709747314
2259,8,0.6813037395477295
2260,9,0.6761013269424438
2261,10,0.66797935962677
2262,8,0.6809576153755188
2263,11,0.6701512336730957
2264,9,0.6618086099624634
2265,8,0.6774859428405762
2266,11,0.6553902626037598
2267,9,0.6696605086326599
2268,12,0.6539085507392883
2269,10,0.6717965602874756
2270,9,0.6921546459197998
2271,7,0.6885921955108643
2272,9,0.6805574893951416
2273,11,0.6645170450210571
2274,9,0.6737167835235596
2275,8,0.6693853735923767
2276,8,0.6854767799377441
2277,9,0.6712270975112915
2278,10,0.6680765748023987
2279,8,0.6821334362030029
2280,10,0.6700409054756165
2281,8,0.6778281927108765
2282,10,0.6739954948425293
2283,10,0.6636508703231812
2284,7,0.6872522830963135
2285,7,0.686001181602478
2286,11,0.6637646555900574
2287,9,0.6693068146705627
2288,9,0.6704515218734741
2289,10,0.670418381690979
2290,10,0.6708004474639893
2291,11,0.6575793623924255
2292,9,0.6782840490341187
2293,9,0.6809526085853577
2294,9,0.6717576384544373
2295,8,0.6861683130264282
2296,11,0.6667680144309998
2297,8,0.6718622446060181
2298,9,0.6804719567298889
2299,8,0.6862996816635132
2300,12,0.6502460241317749
2301,10,0.6593714952468872
2302,9,0.6717578768730164
2303,9,0.6770921945571899
2304,10,0.6725749373435974
2305,7,0.6813603043556213
2306,9,0.6706126928329468
2307,10,0.6707562208175659
2308,10,0.6600020527839661
2309,10,0.6680678725242615
2310,11,0.6573205590248108
2311,8,0.6698875427246094
2312,11,0.655699610710144
2313,10,0.671245813369751
2314,10,0.6817719340324402
2315,10,0.6680504679679871
2316,8,0.6868478655815125
2317,9,0.6810668706893921
2318,9,0.6897961497306824
2319,7,0.698752760887146
2320,8,0.680075466632843
2321,8,0.6950145959854126
2322,9,0.6839670538902283
2323,11,0.6520650386810303
2324,7,0.6939228773117065
2325,9,0.6789780259132385
2326,9,0.6785090565681458
2327,9,0.6841699481010437
2328,11,0.6549497842788696
2329,8,0.6695663332939148
2330,11,0.6470974087715149
2331,11,0.6572822332382202
2332,10,0.6658563017845154
2333,10,0.6699730753898621
2334,8,0.6856406927108765
2335,11,0.6528974175453186
2336,8,0.6742514967918396
2337,8,0.6838937401771545
2338,11,0.6587011814117432
2339,12,0.6629200577735901
2340,9,0.6758397817611694
2341,9,0.6707979440689087
2342,8,0.6935411691665649
2343,10,0.659483015537262
2344,11,0.6560061573982239
2345,10,0.6701583862304688
2346,9,0.6787776947021484
2347,10,0.6677801012992859
2348,8,0.6844794750213623
2349,10,0.6772307753562927
2350,8,0.6747013926506042
2351,9,0.6836405992507935
2352,8,0.676175594329834
2353,8,0.6710363030433655
2354,9,0.6678979992866516
2355,12,0.6498039364814758
2356,8,0.6690325736999512
2357,9,0.6755848526954651
2358,8,0.6863412261009216
2359,10,0.6794508099555969
2360,9,0.6771081686019897
2361,9,0.672212541103363
2362,8,0.6734117269515991
2363,10,0.6748704314231873
2364,10,0.6767672896385193
2365,11,0.6514658331871033
2366,12,0.6627101302146912
2367,10,0.6747629642486572
2368,11,0.6686156392097473
2369,11,0.6463824510574341
2370,9,0.6728998422622681
2371,9,0.6707355380058289
2372,9,0.6735188961029053
2373,10,0.6662074327468872
2374,12,0.6594249606132507
2375,6,0.7126541137695312
2376,9,0.6754708886146545
2377,7,0.6951385736465454
2378,9,0.6803996562957764
2379,10,0.6725834608078003
2380,11,0.6621601581573486
2381,8,0.6867122054100037
2382,9,0.671224057674408
2383,10,0.6652770042419434
2384,9,0.6906373500823975
2385,8,0.6899163722991943
2386,9,0.6683403253555298
2387,11,0.6602109670639038
2388,10,0.6727979183197021
2389,7,0.6920312643051147
2390,10,0.6695600748062134
2391,8,0.6962108016014099
2392,9,0.6695995926856995
2393,8,0.6808362007141113
2394,8,0.6728088855743408
2395,9,0.6749692559242249
2396,8,0.6712694764137268
2397,9,0.6636230945587158
2398,7,0.6786351799964905
2399,9,0.6622350215911865
2400,8,0.6754580140113831
2401,10,0.659244179725647
2402,9,0.6733422875404358
2403,9,0.6735332012176514
2404,7,0.6982294321060181
2405,9,0.6748063564300537
2406,9,0.6879340410232544
2407,7,0.6901668310165405
2408,8,0.6749373078346252
2409,9,0.6721029877662659
2410,9,0.6811599135398865
2411,6,0.7001833915710449
2412,7,0.682993471622467
2413,10,0.6731773614883423
2414,10,0.6642183661460876
2415,9,0.6716587543487549
2416,9,0.6705866456031799
2417,10,0.6748679280281067
2418,10,0.6775981187820435
2419,10,0.6647570133209229
2420,10,0.663726806640625
2421,11,0.6629142165184021
2422,10,0.6637129187583923
2423,9,0.6552050709724426
2424,10,0.658600389957428
2425,8,0.6809101104736328
2426,8,0.6832400560379028
2427,9,0.6715062856674194
2428,10,0.664699375629425
2429,10,0.6668705940246582
2430,11,0.662437379360199
2431,12,0.6509253978729248
2432,9,0.6675729155540466
2433,10,0.6723136901855469
2434,8,0.6761448383331299
2435,7,0.6929751634597778
2436,10,0.6624386310577393
2437,8,0.684394359588623
2438,9,0.6593761444091797
2439,10,0.6640422344207764
2440,10,0.6488837599754333
2441,9,0.6735996007919312
2442,8,0.6754999756813049
2443,10,0.6583879590034485
2444,9,0.6782230138778687
2445,10,0.6757670640945435
2446,8,0.6856729984283447
2447,10,0.6738795638084412
2448,9,0.6823470592498779
2449,9,0.6791265606880188
2450,11,0.6537328958511353
2451,8,0.6817896962165833
2452,9,0.678928017616272
2453,7,0.684796154499054
2454,9,0.6748931407928467
2455,10,0.6660451292991638
2456,9,0.6615793704986572
2457,8,0.6884519457817078
2458,8,0.6726948022842407
2459,9,0.678147554397583
2460,10,0.668677568435669
2461,12,0.6484641432762146
2462,10,0.6444165706634521
2463,8,0.6749840378761292
2464,11,0.663770854473114
2465,9,0.6771992444992065
2466,11,0.6540948748588562
2467,9,0.6899733543395996
2468,8,0.678046703338623
2469,9,0.6619725227355957
2470,10,0.6754701137542725
2471,8,0.6894147992134094
2472,10,0.6677861213684082
2473,9,0.6686276793479919
2474,9,0.6802142858505249
2475,9,0.6782523989677429
2476,10,0.6709539890289307
2477,10,0.6676501631736755
2478,9,0.6738279461860657
2479,9,0.6902996301651001
2480,10,0.6572800278663635
2481,9,0.665618896484375
2482,8,0.6813256740570068
2483,11,0.6532853841781616
2484,8,0.6768859624862671
2485,8,0.6612517833709717
2486,8,0.6818346381187439
2487,9,0.6849824786186218
2488,9,0.6753907799720764
2489,9,0.668058454990387
2490,9,0.6864672303199768
2491,10,0.6653653979301453
2492,9,0.6643778085708618
2493,7,0.6852090358734131
2494,11,0.661689281463623
2495,10,0.6616693735122681
2496,10,0.6701852679252625
2497,9,0.6684021949768066
2498,6,0.6904261708259583
2499,10,0.6655641794204712
2500,8,0.6738411784172058
2501,11,0.6618801951408386
2502,9,0.6750192046165466
2503,9,0.6880041360855103
2504,7,0.6837449073791504
2505,10,0.6451666355133057
2506,12,0.6366677284240723
2507,10,0.6640279293060303
2508,11,0.655885636806488
2509,8,0.6771568059921265
2510,10,0.6734305024147034
2511,8,0.6866746544837952
2512,7,0.6968002915382385
2513,8,0.6947811245918274
2514,10,0.6646072268486023
2515,8,0.6844034790992737
2516,9,0.6769587993621826
2517,9,0.6685806512832642
2518,11,0.659374475479126
2519,7,0.683768630027771
2520,7,0.69978928565979
2521,11,0.6716160774230957
2522,10,0.6656352281570435
2523,8,0.6819602251052856
2524,9,0.6697085499763489
2525,7,0.6950952410697937
2526,9,0.6724722385406494
2527,10,0.6644562482833862
2528,11,0.6635023355484009
2529,7,0.6857173442840576
2530,8,0.682039201259613
2531,8,0.6818842887878418
2532,9,0.6830698251724243
2533,10,0.6652905344963074
2534,10,0.6566762328147888
2535,6,0.7063595056533813
2536,9,0.6747657656669617
2537,8,0.6848844289779663
2538,9,0.6699594259262085
2539,10,0.6688029766082764
2540,8,0.674537718296051
2541,12,0.6616765856742859
2542,11,0.6510777473449707
2543,9,0.6673072576522827
2544,8,0.6800388097763062
2545,11,0.6503288149833679
2546,9,0.6778512597084045
2547,8,0.6791237592697144
2548,7,0.6832320690155029
2549,11,0.671708881855011
2550,11,0.6574480533599854
2551,11,0.6621524095535278
2552,7,0.6773527264595032
2553,8,0.6802926659584045
2554,8,0.6907710433006287
2555,11,0.6483991146087646
2556,10,0.6733295917510986
2557,10,0.6604888439178467
2558,9,0.6687089800834656
2559,10,0.6551350951194763
2560,6,0.6979173421859741
2561,11,0.6570237874984741
2562,9,0.6771793365478516
2563,8,0.6855969429016113
2564,10,0.650052011013031
2565,9,0.678164541721344
2566,9,0.6802728176116943
2567,10,0.6667311191558838
2568,8,0.6683754920959473
2569,8,0.6677639484405518
2570,10,0.6674061417579651
2571,8,0.6899405717849731
2572,10,0.6716073751449585
2573,9,0.6644240021705627
2574,9,0.6747677326202393
2575,9,0.6771431565284729
2576,8,0.6729498505592346
2577,9,0.6729050278663635
2578,8,0.693202793598175
2579,10,0.6649160981178284
2580,8,0.6935060024261475
2581,7,0.6833450198173523
2582,9,0.687404453754425
2583,9,0.6840317249298096
2584,8,0.6677259802818298
2585,9,0.6968936324119568
2586,8,0.6888637542724609
2587,11,0.6671252250671387
2588,10,0.6590160131454468
2589,11,0.6538011431694031
2590,9,0.6674457788467407
2591,9,0.6769124865531921
2592,10,0.6780436635017395
2593,12,0.6478918194770813
2594,8,0.6747393608093262
2595,10,0.6669294834136963
2596,9,0.6827267408370972
2597,8,0.6696208119392395
2598,6,0.7037284970283508
2599,13,0.6423219442367554
2600,7,0.6987840533256531
2601,8,0.6792056560516357
2602,9,0.6628523468971252
2603,9,0.6909735202789307
2604,10,0.6667659878730774
2605,9,0.6713142991065979
2606,10,0.6699607372283936
2607,10,0.6750227212905884
2608,11,0.6589974761009216
2609,10,0.6643404364585876
2610,6,0.7013332843780518
2611,8,0.6746665835380554
2612,9,0.6702378988265991
2613,8,0.6838066577911377
2614,9,0.6694309115409851
2615,10,0.6715362071990967
2616,8,0.6721895337104797
2617,8,0.6729162335395813
2618,9,0.6703420877456665
2619,10,0.680050253868103
2620,12,0.6494627594947815
2621,7,0.6792420148849487
2622,9,0.6724079847335815
2623,9,0.66294264793396
2624,12,0.64402174949646
2625,8,0.6740224361419678
2626,9,0.6683434844017029
2627,9,0.6612396836280823
2628,9,0.6706900000572205
2629,8,0.6770074367523193
2630,8,0.6843676567077637
2631,9,0.6774300336837769
2632,10,0.6753283739089966
2633,11,0.674544095993042
2634,9,0.6651239991188049
2635,10,0.6647137403488159
2636,9,0.6666649580001831
2637,10,0.6634685397148132
2638,11,0.6699801087379456
2639,11,0.6631883382797241
2640,9,0.6859158873558044
2641,9,0.6834180951118469
2642,9,0.6740989685058594
2643,7,0.678938090801239
2644,9,0.6751583814620972
2645,8,0.6771915555000305
2646,8,0.6802382469177246
2647,10,0.6629442572593689
2648,7,0.6931077837944031
2649,9,0.6718051433563232
2650,9,0.6795061230659485
2651,9,0.6759769916534424
2652,10,0.6755654215812683
2653,10,0.6640337109565735
2654,9,0.6817604303359985
2655,10,0.6589080691337585
2656,8,0.6876304745674133
2657,12,0.6671816110610962
2658,9,0.6753866672515869
2659,8,0.6855484843254089
2660,10,0.6668518781661987
2661,10,0.6697820425033569
2662,10,0.6726807355880737
2663,9,0.6714592576026917
2664,11,0.6643794775009155
2665,7,0.6806076765060425
2666,9,0.6757771372795105
2667,9,0.6820487976074219
2668,9,0.6663951873779297
2669,8,0.6877533197402954
2670,9,0.662250280380249
2671,9,0.6805930137634277
2672,10,0.6672353148460388
2673,12,0.6528686285018921
2674,10,0.6703532934188843
2675,9,0.6890422105789185
2676,8,0.684389591217041
2677,8,0.6770887970924377
2678,10,0.6531883478164673
2679,8,0.6843307018280029
2680,8,0.6892175078392029
2681,9,0.6789683699607849
2682,10,0.6698195934295654
2683,10,0.6663117408752441
2684,9,0.6657616496086121
2685,11,0.6664049029350281
2686,10,0.6614605188369751
2687,9,0.6627781391143799
2688,9,0.6811001300811768
2689,8,0.6896032691001892
2690,8,0.6778926253318787
2691,9,0.679481029510498
2692,11,0.6488009691238403
2693,13,0.6502121090888977
2694,10,0.6715720891952515
2695,9,0.6861339807510376
2696,9,0.6597148776054382
2697,8,0.6732831001281738
2698,9,0.6818006038665771
2699,9,0.6740583777427673
2700,8,0.6800796389579773
2701,6,0.7017091512680054
2702,9,0.6785880923271179
2703,10,0.6649460792541504
2704,9,0.6711792945861816
2705,11,0.6492611765861511
2706,9,0.6711888313293457
2707,7,0.696118175983429
2708,9,0.6699456572532654
2709,10,0.6601940393447876
2710,9,0.6728541851043701
2711,8,0.6806480288505554
2712,9,0.6721131801605225
2713,9,0.6850539445877075
2714,6,0.6970752477645874
2715,9,0.6785564422607422
2716,10,0.6567469835281372
2717,8,0.6846911907196045
2718,8,0.6860308051109314
2719,7,0.6966258883476257
2720,11,0.657711386680603
2721,8,0.6806482076644897
2722,7,0.6944759488105774
2723,10,0.6681592464447021
2724,9,0.681842565536499
2725,9,0.6799389719963074
2726,9,0.6759147644042969
2727,9,0.6655106544494629
2728,11,0.6557914614677429
2729,10,0.6599416136741638
2730,10,0.6647393107414246
2731,10,0.6620681285858154
2732,10,0.6667823195457458
2733,9,0.6815917491912842
2734,8,0.6941149234771729
2735,8,0.6807796359062195
2736,8,0.6656241416931152
2737,10,0.6546080112457275
2738,7,0.6896365284919739
2739,8,0.6813971996307373
2740,8,0.6929425001144409
2741,8,0.6735842823982239
2742,7,0.6909002661705017
2743,9,0.675147533416748
2744,10,0.6766649484634399
2745,8,0.6837942004203796
2746,10,0.6628592610359192
2747,8,0.6860606670379639
2748,10,0.6675368547439575
2749,8,0.7024968862533569
2750,8,0.6805253028869629
2751,10,0.6713306903839111
2752,10,0.6648228168487549
2753,9,0.6631495952606201
2754,9,0.6752452254295349
2755,10,0.6659634113311768
2756,9,0.6768873333930969
2757,9,0.6786239147186279
2758,8,0.6720894575119019
2759,8,0.6735186576843262
2760,8,0.67659592628479
2761,9,0.6799654960632324
2762,8,0.6801774501800537
2763,8,0.6684083342552185
2764,9,0.6726698875427246
2765,8,0.681464433670044
2766,9,0.6778669953346252
2767,10,0.6721012592315674
2768,11,0.667151927947998
2769,9,0.6719306707382202
2770,6,0.6872296929359436
2771,9,0.6736788749694824
2772,10,0.6681882739067078
2773,8,0.6798246502876282
2774,8,0.6790739297866821
2775,7,0.6822080016136169
2776,11,0.6682466268539429
2777,10,0.6626241207122803
2778,9,0.6684787273406982
2779,9,0.6696387529373169
2780,9,0.6719847321510315
2781,6,0.6841286420822144
2782,10,0.6590180993080139
2783,9,0.671842098236084
2784,9,0.671283483505249
2785,7,0.6845157742500305
2786,9,0.6809957027435303
2787,11,0.6595403552055359
2788,11,0.6652262210845947
2789,12,0.6543627977371216
2790,9,0.669202446937561
2791,9,0.6691311597824097
2792,10,0.677713930606842
2793,9,0.6686267852783203
2794,10,0.6749371290206909
2795,10,0.6688929200172424
2796,8,0.666918933391571
2797,8,0.6758381724357605
2798,8,0.675446629524231
2799,9,0.6853387951850891
2800,9,0.6777610778808594
2801,7,0.6909183263778687
2802,9,0.6713520288467407
2803,11,0.6725859642028809
2804,9,0.6651763319969177
2805,9,0.6695181131362915
2806,9,0.6795597076416016
2807,10,0.6729873418807983
2808,9,0.6671072244644165
2809,9,0.6624290347099304
2810,10,0.6694232821464539
2811,10,0.6636494994163513
2812,9,0.6736641526222229
2813,9,0.6708624362945557
2814,9,0.6765785813331604
2815,9,0.6737711429595947
2816,11,0.6645172238349915
2817,10,0.6726956963539124
2818,11,0.6557483673095703
2819,10,0.6741646528244019
2820,11,0.6696199178695679
2821,10,0.6696668863296509
2822,5,0.6889572143554688
2823,11,0.6641325354576111
2824,10,0.6725132465362549
2825,8,0.6884027123451233
2826,7,0.6933921575546265
2827,9,0.673979640007019
2828,10,0.671021044254303
2829,11,0.6566925048828125
2830,10,0.6611928343772888
2831,10,0.6667629480361938
2832,8,0.6813234686851501
2833,10,0.6698630452156067
2834,11,0.6730796694755554
2835,9,0.6844916343688965
2836,8,0.6734324097633362
2837,12,0.6610143780708313
2838,9,0.6770531535148621
2839,10,0.6593913435935974
2840,8,0.6777815222740173
2841,11,0.6584965586662292
2842,10,0.6679505109786987
2843,11,0.6750701069831848
2844,8,0.6773303151130676
2845,8,0.6809303760528564
2846,10,0.676150381565094
2847,7,0.6972318887710571
2848,11,0.6576800346374512
2849,6,0.6935274600982666
2850,10,0.660961389541626
2851,8,0.6871587634086609
2852,11,0.6688019633293152
2853,8,0.6716012358665466
2854,7,0.6937572956085205
2855,11,0.6642696261405945
2856,7,0.6977084279060364
2857,8,0.6709526181221008
2858,12,0.6683099269866943
2859,10,0.6657649278640747
2860,9,0.6619391441345215
2861,9,0.6771035194396973
2862,10,0.6633878350257874
2863,6,0.6903182864189148
2864,10,0.6632982492446899
2865,10,0.6731884479522705
2866,10,0.6634155511856079
2867,9,0.6820333003997803
2868,7,0.6830728054046631
2869,9,0.6801512241363525
2870,9,0.673704206943512
2871,7,0.6879112124443054
2872,9,0.6783818006515503
2873,9,0.6796150207519531
2874,9,0.6839759349822998
2875,9,0.6647326946258545
2876,9,0.6630199551582336
2877,10,0.6633952260017395
2878,9,0.6700294613838196
2879,9,0.6748504042625427
2880,7,0.6726683974266052
2881,9,0.6754704117774963
2882,10,0.6573911905288696
2883,11,0.6662518382072449
2884,8,0.689778745174408
2885,8,0.6842659711837769
2886,11,0.6609117388725281
2887,9,0.6648430824279785
2888,8,0.6711705923080444
2889,9,0.6737783551216125
2890,8,0.6733766198158264
2891,8,0.6837871074676514
2892,10,0.6736242175102234
2893,9,0.6813936829566956
2894,10,0.67754065990448
2895,9,0.6847760677337646
2896,10,0.6737868785858154
2897,10,0.6704921722412109
2898,8,0.6764474511146545
2899,10,0.6676629781723022
2900,9,0.6702649593353271
2901,9,0.6694853901863098
2902,10,0.6685342192649841
2903,11,0.6690707206726074
2904,9,0.674628496170044
2905,7,0.6882820129394531
2906,8,0.6770539879798889
2907,10,0.6728706955909729
2908,8,0.6743736267089844
2909,8,0.6706591248512268
2910,8,0.671796977519989
2911,8,0.6773717403411865
2912,8,0.6782461404800415
2913,9,0.6717265248298645
2914,8,0.6827049255371094
2915,11,0.6626218557357788
2916,8,0.6779186129570007
2917,10,0.6662197709083557
2918,8,0.668586254119873
2919,11,0.6709095239639282
2920,8,0.6948292255401611
2921,7,0.6919936537742615
2922,9,0.6767333149909973
2923,9,0.6753785014152527
2924,10,0.6715997457504272
2925,8,0.6862218379974365
2926,9,0.6825383901596069
2927,7,0.6911730766296387
2928,11,0.6618391275405884
2929,9,0.6718921661376953
2930,8,0.6792774200439453
2931,11,0.6616289615631104
2932,9,0.6652606129646301
2933,8,0.6753699779510498
2934,9,0.6821948885917664
2935,9,0.6733059883117676
2936,8,0.6769980788230896
2937,10,0.6576845645904541
2938,10,0.6609489917755127
2939,9,0.6687796115875244
2940,11,0.6624263525009155
2941,9,0.6706321239471436
2942,10,0.6655477285385132
2943,11,0.6642503142356873
2944,9,0.6798055171966553
2945,8,0.6786434054374695
2946,10,0.6685938835144043
2947,10,0.6757943630218506
2948,9,0.6719014048576355
2949,9,0.664324939250946
2950,8,0.6745215058326721
2951,11,0.6689233183860779
2952,9,0.6740370392799377
2953,11,0.6670467853546143
2954,7,0.6962396502494812
2955,9,0.6722186803817749
2956,11,0.6559491157531738
2957,10,0.667314350605011
2958,10,0.6678755879402161
2959,8,0.6765564680099487
2960,8,0.6724646687507629
2961,11,0.6525194644927979
2962,10,0.6699928045272827
2963,11,0.6562139391899109
2964,7,0.6869414448738098
2965,8,0.681719183921814
2966,10,0.6693559288978577
2967,10,0.6662090420722961
2968,10,0.6750744581222534
2969,9,0.6669500470161438
2970,9,0.66705322265625
2971,10,0.6724985241889954
2972,11,0.662975549697876
2973,9,0.6725327372550964
2974,8,0.6907352209091187
2975,11,0.6617562770843506
2976,11,0.6512395739555359
2977,9,0.6729324460029602
2978,10,0.660935640335083
2979,10,0.6714040637016296
2980,8,0.6636208891868591
2981,9,0.6750361919403076
2982,9,0.6761247515678406
2983,9,0.6700824499130249
2984,10,0.6800436973571777
2985,9,0.673291802406311
2986,11,0.6732679605484009
2987,9,0.6632494330406189
2988,10,0.6758471131324768
2989,9,0.6713269948959351
2990,8,0.6858754754066467
2991,9,0.6811651587486267
2992,9,0.6851776242256165
2993,7,0.6808288097381592
2994,9,0.6756414771080017
2995,8,0.6696478128433228
2996,8,0.6711968779563904
2997,9,0.6867809295654297
2998,9,0.6616984605789185
2999,10,0.6650454998016357
3000,12,0.6588094234466553
3001,9,0.6761338114738464
3002,8,0.6814923882484436
3003,11,0.6670398116111755
3004,10,0.6702659726142883
3005,9,0.6807022094726562
3006,11,0.6666839718818665
3007,9,0.675463855266571
3008,10,0.6568816304206848
3009,11,0.6679736375808716
3010,9,0.6794996857643127
3011,8,0.678531289100647
3012,7,0.6860278844833374
3013,7,0.6976133584976196
3014,8,0.6834354996681213
3015,11,0.6533195972442627
3016,8,0.68198561668396
3017,8,0.6723976135253906
3018,11,0.6625967621803284
3019,7,0.6775746941566467
3020,11,0.6581683158874512
3021,8,0.6738650798797607
3022,9,0.6737591028213501
3023,8,0.6795600652694702
3024,8,0.6963217854499817
3025,6,0.6959216594696045
3026,8,0.6808217763900757
3027,10,0.6727362275123596
3028,8,0.6706311106681824
3029,8,0.6827545762062073
3030,11,0.6542419195175171
3031,9,0.6824387907981873
3032,11,0.6721944212913513
3033,9,0.6821119785308838
3034,9,0.6647579669952393
3035,11,0.6599636673927307
3036,10,0.6715224981307983
3037,8,0.679983913898468
3038,10,0.664949357509613
3039,11,0.6596064567565918
3040,11,0.6712231636047363
3041,9,0.6722114086151123
3042,11,0.6638959646224976
3043,7,0.684292733669281
3044,10,0.6736997365951538
3045,10,0.6662428379058838
3046,11,0.6629928350448608
3047,10,0.666983425617218
3048,10,0.6686637997627258
3049,9,0.6681453585624695
3050,10,0.6599330306053162
3051,10,0.672494649887085
3052,8,0.6960685849189758
3053,9,0.6728941202163696
3054,10,0.6697573065757751
3055,7,0.693881094455719
3056,9,0.689360499382019
3057,9,0.6812811493873596
3058,11,0.6630545258522034
3059,9,0.6714366674423218
3060,10,0.6675925254821777
3061,11,0.6511778831481934
3062,9,0.6687708497047424
3063,9,0.6735438704490662
3064,8,0.6851699948310852
3065,8,0.6894710063934326
3066,9,0.6721444725990295
3067,10,0.6719531416893005
3068,7,0.6818044781684875
3069,9,0.665001392364502
3070,11,0.6641852855682373
3071,9,0.6670769453048706
3072,11,0.6695365309715271
3073,10,0.6683805584907532
3074,9,0.6733049750328064
3075,8,0.6783724427223206
3076,9,0.6836119890213013
3077,9,0.6730891466140747
3078,10,0.6646766066551208
3079,11,0.6587072014808655
3080,7,0.6823097467422485
3081,9,0.6721888184547424
3082,11,0.6583236455917358
3083,7,0.6825398206710815
3084,10,0.6562014222145081
3085,8,0.6924421191215515
3086,12,0.654277503490448
3087,10,0.6659421324729919
3088,10,0.6666485667228699
3089,10,0.6702145934104919
3090,10,0.6531178951263428
3091,9,0.6704552173614502
3092,9,0.6730572581291199
3093,9,0.6763343214988708
3094,10,0.6770746111869812
3095,8,0.6789063215255737
3096,12,0.6446309089660645
3097,8,0.6868480443954468
3098,10,0.6593454480171204
3099,11,0.6601608395576477
3100,10,0.6618785262107849
3101,11,0.6614977121353149
3102,7,0.6989347338676453
3103,8,0.666921079158783
3104,7,0.683103084564209
3105,10,0.647196888923645
3106,9,0.674559473991394
3107,9,0.6667677164077759
3108,9,0.6818698644638062
3109,9,0.6820067763328552
3110,9,0.6857235431671143
3111,11,0.6760562658309937
3112,8,0.6924346089363098
3113,10,0.661327064037323
3114,9,0.6728336215019226
3115,7,0.6949989199638367
3116,9,0.6896970272064209
3117,8,0.6760939955711365
3118,9,0.6704444885253906
3119,10,0.6715267300605774
3120,8,0.6786161661148071
3121,9,0.6689377427101135
3122,7,0.6943121552467346
3123,8,0.6752728223800659
3124,8,0.6867629289627075
3125,8,0.6813948750495911
3126,10,0.6712596416473389
3127,9,0.6836919188499451
3128,7,0.6905975341796875
3129,9,0.674582302570343
3130,9,0.675147294998169
3131,8,0.6815078258514404
3132,7,0.671857476234436
3133,12,0.6471871733665466
3134,9,0.6687772870063782
3135,9,0.6779487729072571
3136,11,0.6557663679122925
3137,9,0.6771021485328674
3138,11,0.6559176445007324
3139,8,0.6735161542892456
3140,8,0.6865108609199524
3141,9,0.6845019459724426
3142,9,0.6708153486251831
3143,10,0.6819195747375488
3144,11,0.6656675934791565
3145,8,0.6838792562484741
3146,8,0.6861293315887451
3147,9,0.6720431447029114
3148,8,0.6838648319244385
3149,8,0.6740842461585999
3150,9,0.674784779548645
3151,9,0.6688682436943054
3152,10,0.6634843349456787
3153,11,0.6662319898605347
3154,9,0.6709998846054077
3155,10,0.6775351166725159
3156,11,0.6521911025047302
3157,8,0.6711324453353882
3158,10,0.6713557243347168
3159,8,0.6835662722587585
3160,9,0.6714804172515869
3161,10,0.6714240312576294
3162,8,0.6875092387199402
3163,12,0.6524165272712708
3164,10,0.668241024017334
3165,8,0.6856482028961182
3166,9,0.6675103902816772
3167,10,0.6697019934654236
3168,7,0.7035832405090332
3169,10,0.660335898399353
3170,9,0.6750709414482117
3171,9,0.6715472340583801
3172,10,0.6691990494728088
3173,11,0.6584859490394592
3174,8,0.6814422011375427
3175,11,0.6530988216400146
3176,9,0.6771025657653809
3177,10,0.6848032474517822
3178,7,0.6866047382354736
3179,9,0.6747047305107117
3180,7,0.6945893168449402
3181,10,0.6703636646270752
3182,8,0.6826983690261841
3183,9,0.6689053177833557
3184,9,0.6604470610618591
3185,8,0.670147180557251
3186,8,0.6822965741157532
3187,10,0.6736769080162048
3188,8,0.6738321781158447
3189,7,0.6902934312820435
3190,7,0.6764114499092102
3191,11,0.6568348407745361
3192,8,0.668742835521698
3193,11,0.6560284495353699
3194,9,0.6756758093833923
3195,9,0.6679518222808838
3196,9,0.6859254240989685
3197,11,0.6592398881912231
3198,10,0.6674331426620483
3199,8,0.6720006465911865
3200,7,0.6804961562156677
3201,9,0.6720589995384216
3202,10,0.6535786390304565
3203,7,0.6891067624092102
3204,10,0.6782678365707397
3205,8,0.7024977803230286
3206,10,0.6624963283538818
3207,8,0.6806548833847046
3208,8,0.6789095997810364
3209,10,0.669379711151123
3210,9,0.6771453619003296
3211,9,0.6765382885932922
3212,8,0.6775461435317993
3213,9,0.6746855974197388
3214,8,0.6983280181884766
3215,9,0.6645277142524719
3216,10,0.6772723197937012
3217,10,0.6747806072235107
3218,9,0.6754469275474548
3219,10,0.6774517297744751
3220,9,0.6806367635726929
3221,9,0.6764746904373169
3222,10,0.6681178212165833
3223,10,0.6679578423500061
3224,12,0.660491406917572
3225,8,0.6701205372810364
3226,11,0.6634238958358765
3227,8,0.677264928817749
3228,10,0.6615509986877441
3229,9,0.6802703738212585
3230,9,0.6727441549301147
3231,9,0.6616840958595276
3232,8,0.6915504336357117
3233,6,0.7002017498016357
3234,8,0.6845670938491821
3235,8,0.6787265539169312
3236,8,0.6889658570289612
3237,8,0.6850602030754089
3238,9,0.6909319162368774
3239,9,0.6817558407783508
3240,9,0.6749248504638672
3241,11,0.6581454277038574
3242,10,0.6653338074684143
3243,10,0.6660978198051453
3244,10,0.6674373149871826
3245,9,0.6767295002937317
3246,8,0.6825300455093384
3247,10,0.660410463809967
3248,11,0.6708325147628784
3249,9,0.6726322770118713
3250,9,0.6778000593185425
3251,8,0.6759385466575623
3252,9,0.6774621605873108
3253,9,0.6892522573471069
3254,10,0.6582485437393188
3255,8,0.6910384297370911
3256,8,0.6806831359863281
3257,8,0.6634976267814636
3258,11,0.6630523204803467
3259,6,0.6920107007026672
3260,9,0.6737578511238098
3261,11,0.6636789441108704
3262,7,0.6885174512863159
3263,10,0.670562207698822
3264,8,0.6820088028907776
3265,9,0.6699230670928955
3266,10,0.6712886095046997
3267,9,0.6600712537765503
3268,8,0.6830800771713257
3269,9,0.6697229146957397
3270,10,0.673534631729126
3271,11,0.6753623485565186
3272,9,0.6735798716545105
3273,10,0.6717681884765625
3274,10,0.6739796996116638
3275,8,0.67735755443573
3276,10,0.6647205352783203
3277,9,0.6783250570297241
3278,9,0.6769825220108032
3279,9,0.6611812114715576
3280,7,0.7063154578208923
3281,8,0.6822898983955383
3282,5,0.6960461139678955
3283,9,0.6799465417861938
3284,8,0.6786466836929321
3285,11,0.6727867722511292
3286,9,0.6672627329826355
3287,11,0.6697413921356201
3288,9,0.6724825501441956
3289,8,0.6809975504875183
3290,11,0.6679463982582092
3291,9,0.6737532019615173
3292,9,0.6666373610496521
3293,9,0.6658824682235718
3294,10,0.6648379564285278
3295,9,0.668719470500946
3296,8,0.6700682640075684
3297,10,0.6691575646400452
3298,10,0.65973961353302
3299,11,0.6774370670318604
3300,9,0.6624913811683655
3301,11,0.6622584462165833
3302,9,0.6809024810791016
3303,9,0.6675945520401001
3304,6,0.6911656856536865
3305,9,0.675467312335968
3306,8,0.6747389435768127
3307,9,0.6725435853004456
3308,7,0.6781743764877319
3309,9,0.6661466956138611
3310,11,0.6674491763114929
3311,9,0.6742943525314331
3312,9,0.6719329357147217
3313,9,0.6744537949562073
3314,9,0.6815394759178162
3315,8,0.6756902933120728
3316,11,0.6625159978866577
3317,11,0.6552698016166687
3318,8,0.6798132061958313
3319,10,0.6762986779212952
3320,8,0.6691821217536926
3321,8,0.6891488432884216
3322,9,0.6804125905036926
3323,10,0.6662937998771667
3324,12,0.6592594385147095
3325,8,0.672955334186554
3326,7,0.6799436807632446
3327,8,0.6840676069259644
3328,9,0.678825855255127
3329,9,0.673505425453186
3330,8,0.6756840348243713
3331,7,0.6878774166107178
3332,11,0.6666467189788818
3333,9,0.6791929006576538
3334,9,0.6712916493415833
3335,9,0.6735536456108093
3336,9,0.6758177280426025
3337,9,0.6747816205024719
3338,8,0.6746569871902466
3339,8,0.6793216466903687
3340,9,0.6731544733047485
3341,8,0.6755459308624268
3342,8,0.6757684946060181
3343,10,0.668397843837738
3344,8,0.6817399859428406
3345,8,0.6748602390289307
3346,11,0.6731142997741699
3347,9,0.664753794670105
3348,9,0.671901524066925
3349,8,0.6792855262756348
3350,8,0.6867466568946838
3351,9,0.6755799651145935
3352,9,0.6779046058654785
3353,9,0.6734068989753723
3354,10,0.6633038520812988
3355,10,0.6832754015922546
3356,11,0.6537823677062988
3357,10,0.6661443114280701
3358,10,0.6674379706382751
3359,9,0.6731553673744202
3360,9,0.6714476943016052
3361,10,0.6735473871231079
3362,8,0.6789392828941345
3363,10,0.6622458696365356
3364,10,0.6642976403236389
3365,8,0.680428683757782
3366,10,0.6636485457420349
3367,10,0.6670962572097778
3368,11,0.657314121723175
3369,8,0.6794226169586182
3370,8,0.6900227069854736
3371,9,0.6662110686302185
3372,9,0.6768174171447754
3373,9,0.6721808910369873
3374,9,0.6819705367088318
3375,8,0.6720767021179199
3376,10,0.6731021404266357
3377,9,0.6796320080757141
3378,9,0.6752495765686035
3379,9,0.6851847171783447
3380,8,0.6772280335426331
3381,9,0.6789132952690125
3382,10,0.6593911647796631
3383,8,0.687936544418335
3384,11,0.6607510447502136
3385,9,0.6818888783454895
3386,8,0.6764156818389893
3387,9,0.6958034038543701
3388,8,0.6768564581871033
3389,9,0.681352972984314
3390,8,0.6740142703056335
3391,10,0.6648309826850891
3392,10,0.6604453325271606
3393,8,0.6788210868835449
3394,8,0.6838737726211548
3395,8,0.6820574402809143
3396,8,0.671568751335144
3397,8,0.6823428273200989
3398,8,0.6785550117492676
3399,8,0.679629385471344
3400,8,0.6975829601287842
3401,12,0.6475310325622559
3402,9,0.6782193183898926
3403,8,0.6945950984954834
3404,10,0.6759875416755676
3405,10,0.6677164435386658
3406,9,0.6866512894630432
3407,12,0.6548480987548828
3408,8,0.6760834455490112
3409,9,0.6787603497505188
3410,11,0.6617485880851746
3411,9,0.6927316188812256
3412,9,0.6761482357978821
3413,9,0.6712883710861206
3414,9,0.6680067181587219
3415,9,0.6712063550949097
3416,9,0.6679586172103882
3417,8,0.6852558851242065
3418,10,0.6651243567466736
3419,8,0.6845904588699341
3420,9,0.6790893077850342
3421,9,0.6845176219940186
3422,10,0.6701276898384094
3423,10,0.6807729601860046
3424,8,0.6803522706031799
3425,8,0.6785997152328491
3426,11,0.6626308560371399
3427,9,0.6732466220855713
3428,7,0.6838861703872681
3429,7,0.6947181224822998
3430,8,0.6851382255554199
3431,8,0.6875707507133484
3432,8,0.6908842325210571
3433,6,0.692451000213623
3434,11,0.664511501789093
3435,11,0.6659998893737793
3436,10,0.656527042388916
3437,7,0.6872466802597046
3438,10,0.6760842800140381
3439,8,0.6875120401382446
3440,9,0.6693623065948486
3441,8,0.6806939840316772
3442,10,0.6564658284187317
3443,9,0.6748346090316772
3444,10,0.666029691696167
3445,9,0.6823188066482544
3446,10,0.6714508533477783
3447,9,0.6760085225105286
3448,8,0.6792829036712646
3449,10,0.6645657420158386
3450,10,0.6708694696426392
3451,8,0.6747931838035583
3452,8,0.6767375469207764
3453,11,0.6667540073394775
3454,9,0.6787997484207153
3455,9,0.6668058037757874
3456,11,0.6545825004577637
3457,8,0.677898108959198
3458,10,0.6720638275146484
3459,9,0.6672358512878418
3460,7,0.6824242472648621
3461,11,0.6664041876792908
3462,8,0.6786972284317017
3463,10,0.6619744896888733
3464,9,0.6722683906555176
3465,7,0.678734540939331
3466,6,0.694369375705719
3467,11,0.6692220568656921
3468,9,0.6733372211456299
3469,8,0.6872594952583313
3470,9,0.6689736247062683
3471,8,0.6741269826889038
3472,8,0.6819507479667664
3473,9,0.6753520965576172
3474,9,0.6641448736190796
3475,8,0.680263876914978
3476,9,0.6772761344909668
3477,9,0.6785739064216614
3478,8,0.6758854389190674
3479,8,0.6880382299423218
3480,10,0.677798867225647
3481,11,0.6667736768722534
3482,10,0.6770960092544556
3483,10,0.6720213294029236
3484,11,0.6590211391448975
3485,8,0.675828754901886
3486,7,0.6866065263748169
3487,11,0.6641185283660889
3488,9,0.6745683550834656
3489,8,0.6812372803688049
3490,10,0.6704148054122925
3491,8,0.6825799345970154
3492,9,0.6745225787162781
3493,10,0.6656527519226074
3494,9,0.6735997200012207
3495,9,0.6813784837722778
3496,12,0.654035747051239
3497,8,0.6911647915840149
3498,8,0.667483925819397
3499,8,0.6788532137870789
3500,9,0.6739194393157959
3501,7,0.6871778964996338
3502,10,0.6644580364227295
3503,9,0.6714242696762085
3504,8,0.6766369342803955
3505,11,0.6635722517967224
3506,9,0.6689298748970032
3507,10,0.675589919090271
3508,11,0.6692374348640442
3509,10,0.6802223920822144
3510,8,0.6878953576087952
3511,11,0.667946457862854
3512,9,0.6752954125404358
3513,9,0.6759771704673767
3514,9,0.6770891547203064
3515,10,0.6641407012939453
3516,9,0.6779217720031738
3517,10,0.6653392910957336
3518,7,0.680879533290863
3519,8,0.6843612790107727
3520,8,0.6833018660545349
3521,10,0.6707268357276917
3522,8,0.6741763353347778
3523,8,0.6754698157310486
3524,9,0.6792182326316833
3525,8,0.684052050113678
3526,9,0.6792147755622864
3527,6,0.679313063621521
3528,9,0.6759223341941833
3529,10,0.6706311702728271
3530,8,0.6802210807800293
3531,10,0.6677062511444092
3532,11,0.6647716760635376
3533,10,0.6727900505065918
3534,9,0.6756859421730042
3535,10,0.6739155650138855
3536,11,0.6619714498519897
3537,8,0.6767536401748657
3538,8,0.6829381585121155
3539,8,0.6758237481117249
3540,7,0.6780403256416321
3541,9,0.6705541014671326
3542,10,0.6723809242248535
3543,10,0.6718716621398926
3544,10,0.6652161478996277
3545,9,0.6728215217590332
3546,8,0.6740910410881042
3547,8,0.6783013939857483
3548,9,0.6748141646385193
3549,10,0.6746866106987
3550,9,0.6657818555831909
3551,9,0.6726828813552856
3552,8,0.6793111562728882
3553,10,0.6734245419502258
3554,10,0.6736085414886475
3555,7,0.6873428821563721
3556,8,0.6775183081626892
3557,11,0.6661538481712341
3558,9,0.6719358563423157
3559,10,0.6724700927734375
3560,9,0.6808515787124634
3561,11,0.666018009185791
3562,9,0.6692241430282593
3563,9,0.6733837723731995
3564,8,0.674693763256073
3565,11,0.6653769016265869
3566,10,0.6676687598228455
3567,9,0.6725841760635376
3568,8,0.6793400049209595
3569,10,0.6717648506164551
3570,10,0.6640927195549011
3571,8,0.6760984659194946
3572,10,0.6669743061065674
3573,9,0.6676287651062012
3574,8,0.6751248836517334
3575,7,0.6807871460914612
3576,7,0.6809102892875671
3577,8,0.6817529201507568
3578,9,0.6663439273834229
3579,9,0.6799739003181458
3580,9,0.6742327213287354
3581,7,0.6834180951118469
3582,11,0.66643226146698
3583,9,0.6761102080345154
3584,7,0.6835363507270813
3585,11,0.6607128977775574
3586,9,0.675154447555542
3587,8,0.6869993805885315
3588,10,0.6617573499679565
3589,10,0.674224853515625
3590,11,0.6627833843231201
3591,9,0.6725268363952637
3592,9,0.6702876091003418
3593,8,0.6785597205162048
3594,10,0.6598251461982727
3595,9,0.6735175848007202
3596,12,0.6531129479408264
3597,7,0.6898247003555298
3598,9,0.6754879951477051
3599,8,0.6743524074554443
3600,7,0.6817263960838318
3601,8,0.6757572293281555
3602,10,0.6733713746070862
3603,10,0.6743913292884827
3604,10,0.6605588793754578
3605,9,0.6749012470245361
3606,8,0.6829678416252136
3607,7,0.6907526254653931
3608,9,0.6748310327529907
3609,9,0.6693668961524963
3610,9,0.6647735834121704
3611,8,0.6763047575950623
3612,9,0.6742660999298096
3613,8,0.6792362332344055
3614,8,0.6810289025306702
3615,9,0.6794087290763855
3616,12,0.6625192165374756
3617,10,0.6668080687522888
3618,10,0.6718631982803345
3619,11,0.6638596057891846
3620,10,0.6696056127548218
3621,9,0.6779526472091675
3622,10,0.6701774597167969
3623,9,0.6801232695579529
3624,8,0.6756516098976135
3625,9,0.6730825304985046
3626,9,0.6774194240570068
3627,10,0.6698071360588074
3628,10,0.6637843251228333
3629,9,0.6756836771965027
3630,8,0.6794747710227966
3631,10,0.6678692698478699
3632,9,0.6659243702888489
3633,7,0.6869724988937378
3634,9,0.6638835072517395
3635,9,0.6735963225364685
3636,9,0.6695182919502258
3637,11,0.6668344736099243
3638,10,0.6683319807052612
3639,9,0.6714711785316467
3640,10,0.6711074113845825
3641,10,0.6646194458007812
3642,8,0.6779186725616455
3643,10,0.661592423915863
3644,9,0.6755012273788452
3645,8,0.6739275455474854
3646,11,0.6680650115013123
3647,10,0.673869788646698
3648,9,0.6734768152236938
3649,11,0.665976881980896
3650,7,0.6840725541114807
3651,10,0.6719048023223877
3652,10,0.6777163147926331
3653,11,0.658820629119873
3654,11,0.6702147722244263
3655,10,0.6691194772720337
3656,10,0.6744835376739502
3657,8,0.6805583238601685
3658,7,0.6827744245529175
3659,8,0.6765060424804688
3660,9,0.6790204644203186
3661,10,0.6632423996925354
3662,9,0.6706076860427856
3663,11,0.6692914366722107
3664,10,0.6712867021560669
3665,9,0.6704821586608887
3666,10,0.665819525718689
3667,8,0.6811282634735107
3668,9,0.6850123405456543
3669,9,0.6798458099365234
3670,8,0.6784805059432983
3671,8,0.6658161878585815
3672,9,0.667548656463623
3673,9,0.6705842614173889
3674,8,0.6810256242752075
3675,10,0.6755965948104858
3676,7,0.6881945133209229
3677,9,0.6685124039649963
3678,8,0.6819441318511963
3679,9,0.6739896535873413
3680,9,0.6653932332992554
3681,10,0.6756100654602051
3682,7,0.6778902411460876
3683,8,0.6717204451560974
3684,11,0.6579278707504272
3685,10,0.6671442985534668
3686,8,0.6816523671150208
3687,10,0.670673131942749
3688,7,0.6874133944511414
3689,9,0.6750017404556274
3690,7,0.6818683743476868
3691,10,0.66501784324646
3692,9,0.6731275916099548
3693,7,0.6878853440284729
3694,9,0.6807716488838196
3695,10,0.683236837387085
3696,9,0.6632907390594482
3697,8,0.6791905164718628
3698,9,0.6723765730857849
3699,8,0.6712249517440796
3700,9,0.6718111634254456
3701,8,0.6820446848869324
3702,8,0.6743401288986206
3703,9,0.6591765880584717
3704,8,0.6706312298774719
3705,8,0.6772708892822266
3706,8,0.6673816442489624
3707,8,0.696058988571167
3708,12,0.6484728455543518
